last_name,first_name,change_group,group_name,change_more
AAZHANG,BEHNAAM,TRUE,1,
ABBOTT,L. F.,TRUE,2,
ABBOTT,L.F.,FALSE,2,
ABDALLAH,C.T.,TRUE,3,
ABRAMOWICZ,HALINA,TRUE,4,
ABRASH,VICTOR,TRUE,5,
ABU-MOSTAFA,Y.,TRUE,6,
ABU-MOSTAFA,YASER,FALSE,6,
ABU-MOSTAFA,YASER S.,FALSE,6,
ACKLEY,DAVID H.,TRUE,7,
ADAMS,NICHOLAS J.,TRUE,8,
ADLER,ROBERT J.,TRUE,9,
ADORJAN,PETER,TRUE,10,
AERTSEN,AD,TRUE,11,
AFGHAN,A.,TRUE,12,
AGIN,PATRICK,TRUE,13,
AHALT,S.C.,TRUE,14,
AHMAD,SUBUTAI,TRUE,15,
AHUJA,NARENDRA,TRUE,16,
AKERS,L.A.,TRUE,17,
AL-ANSARI,MOHAMMAD A.,TRUE,18,
ALBRIGHT,T. D.,TRUE,19,
ALEXANDER,JAY,TRUE,20,
ALKON,DANIEL L.,TRUE,21,
ALLEN,ROBERT,TRUE,22,
ALLEN,ROBERT B.,FALSE,22,
ALLEN,T.P.,FALSE,22,1
ALLEY,R.K.,TRUE,23,
ALLINSON,NIGEL M.,TRUE,24,
ALLMAN,JOHN,TRUE,25,
ALPAYDIN,E.,TRUE,26,
ALSPECTOR,J.,TRUE,27,
ALSPECTOR,JOSHUA,FALSE,27,
ALVELDA,PHILLIP,TRUE,28,
AMARI,S.,TRUE,29,
AMARI,SHUN-ICHI,FALSE,29,
AMBROS-INGERSON,JOSE,TRUE,30,
ANANDAN,P.,TRUE,31,
ANASTASIO,THOMAS,TRUE,32,
ANASTASIO,THOMAS J.,FALSE,32,
ANDERSEN,RICHARD A.,TRUE,33,
ANDERSON,BROOKE,TRUE,34,
ANDERSON,CHARLES W.,FALSE,34,1
ANDERSON,DANA Z.,FALSE,34,1
ANDERSON,JANEEN,FALSE,34,1
ANDO,HIROSHI,TRUE,35,
ANDRE,DAVID,TRUE,36,
ANDREOU,ANDREAS G.,TRUE,37,
ANDRIEU,CHRISTOPHE,TRUE,38,
ANGELINE,PETER J.,TRUE,39,
ANNASWAMY,A.M.,TRUE,40,
APSEL,ALYSSA,TRUE,41,
ARCHIE,KEVIN A.,TRUE,42,
ARETHOR,FRANKLIN R.,TRUE,43,
ARIMOTO,SUGURU,TRUE,44,
ASANOVIC,K.,TRUE,45,
ASOGAWA,MINORU,TRUE,46,
ASSAD,CHRISTOPHER,TRUE,47,
ATIYA,AMIR,TRUE,48,
ATIYA,AMIR F.,FALSE,48,
ATKESON,C.C.,TRUE,49,
ATKESON,CHRISTOPHER,FALSE,49,
ATKESON,CHRISTOPHER G.,FALSE,49,
ATLAN,HENRI,TRUE,50,
ATLAS,LES,TRUE,51,
ATLAS,LES E.,FALSE,51,
ATTIAS,H.,TRUE,52,
ATTIAS,HAGAI,FALSE,52,
AUER,P.,TRUE,53,
AUSTIN,JIM,TRUE,54,
BACHRACH,JONATHAN,TRUE,55,
BACK,A.D.,TRUE,56,
BACK,ANDREW,FALSE,56,
BADRAN,FOUAD,TRUE,57,
BAIN,JOHN,TRUE,58,
BAIR,W.,TRUE,59,
BAIR,WYETH,FALSE,59,
BAIRD,BILL,TRUE,60,
BAIRD,H.S.,FALSE,60,1
BAIRD,LEEMON,FALSE,60,1
BAIRD,LEEMON C.,FALSE,60,
BAKKER,REMBRANDT,TRUE,61,
BALDI,P.,TRUE,62,
BALDI,PIERRE,FALSE,62,
BALLARD,D.H.,TRUE,63,
BALLARD,DANA H.,FALSE,63,
BALUJA,S.,TRUE,64,
BALUJA,SHUMEET,FALSE,64,
BAND,PIERRE,TRUE,65,
BANIK,JASHOJIBAN,TRUE,66,
BARADUC,PIERRE,TRUE,67,
BARAM,YORAM,TRUE,68,
BARAS,JOHN,TRUE,69,
BARBER,DAVID,TRUE,70,
BARHEN,J.,TRUE,71,
BARHEN,JACOB,FALSE,71,
BARKAI,N.,TRUE,72,
BARNARD,ETIENNE,TRUE,73,
BARR,ALAN,TRUE,74,
BARR,ALAN H.,FALSE,74,
BARRON,ANDREW R.,TRUE,75,
BARTELS,ANDREAS M.,TRUE,76,
BARTLETT,M.S.,TRUE,77,
BARTLETT,MARIAN S.,FALSE,77,
BARTLETT,MARIAN STEWART,FALSE,77,
BARTLETT,P.L.,FALSE,77,1
BARTLETT,PETER,FALSE,77,
BARTLETT,PETER L.,FALSE,77,
BARTO,A.G.,TRUE,78,
BARTO,ANDREW G.,FALSE,78,
BASRI,RONEN,TRUE,79,
BAUER,H.U.,TRUE,80,
BAUER,HANS ULRICH,FALSE,80,
BAUM,ERIC,TRUE,81,
BAUM,ERIC B.,FALSE,81,
BAUMGARDT,DOUGLAS,TRUE,82,
BAVELIER,DAPHNE,TRUE,83,
BAXTER,DONALD J.,TRUE,84,
BAXTER,J.,FALSE,84,1
BAXTER,JONATHAN,FALSE,84,
BAXTER,WILLIAM,FALSE,84,1
BAYLISS,JESSICA D.,TRUE,85,
BEAL,MATTHEW J.,TRUE,86,
BECK,J.,TRUE,87,
BECK,JAMES,FALSE,87,
BECKER,SUZANNA,TRUE,88,
BECKMAN,PAUL,TRUE,89,
BECKMANN,C.F.,TRUE,90,
BEER,R.D.,TRUE,91,
BEER,RANDALL D.,FALSE,91,
BEHRMAN,ELIZABETH C.,TRUE,92,
BEHRMANN,MARLENE,TRUE,93,
BELEW,RICHARD K.,TRUE,94,
BELL,A.J.,TRUE,95,
BELL,ANTHONY,FALSE,95,
BELL,ANTHONY J.,FALSE,95,
BEN,JAN,TRUE,96,
BEN-HUT,ASA,TRUE,97,
BENGIO,SAMY,TRUE,98,
BENGIO,Y.,FALSE,98,1
BENGIO,YOSHUA,FALSE,98,
BENKERT,CLAUS,TRUE,99,
BENNETT,KRISTIN,TRUE,100,
BENSON,RONALD G.,TRUE,101,
BERGEN,JIM,TRUE,102,
BERNANDER,OJVIND,TRUE,103,
BERNASCONI,J.,TRUE,104,
BERNASCONI,JAKOB,FALSE,104,
BERNIER,OLIVIER,TRUE,105,
BERRY,MICHAEL J.,TRUE,106,
BERSINI,HUGUES,TRUE,107,
BERT,JOEL,TRUE,108,
BERTHIER,N.E.,TRUE,109,
BERTHOLD,MICHAEL R.,TRUE,110,
BERTONI,ALBERTO,TRUE,111,
BERTSEKAS,DIMITRI,TRUE,112,
BFILTHOFF,HEINRICH H.,TRUE,113,
BHALLA,UPINDER S.,TRUE,114,
BHUSHAN,NIKHIL,TRUE,115,
BIALEK,W.,TRUE,116,
BIALEK,WILHAM,FALSE,116,
BIALEK,WILLIAM,FALSE,116,
BIENENSTOCK,ELIE,TRUE,117,
BILBRO,GRIFF,TRUE,118,
BILMES,JEFF,TRUE,119,
BIRATTARI,MAURO,TRUE,120,
BISCHOF,HORST,TRUE,121,
BISHOP,C.M.,TRUE,122,
BISHOP,CHRIS M.,FALSE,122,
BISHOP,CHRISTOPHER M.,FALSE,122,
BISIO,GIACOMO M.,TRUE,123,
BISOFBERGER,BROOKS,TRUE,124,
BISSET,DAVID L.,TRUE,125,
BISWAS,SANJAY,TRUE,126,
BLACKMAN,DAVID,TRUE,127,
BLAIR,ALAN,TRUE,128,
BLAIR,ALAN D.,FALSE,128,
BLAIR,H.T.,FALSE,128,1
BLAIS,BRIAN S.,TRUE,129,
BLAKE,A.,TRUE,130,
BLAKE,ANDREW,FALSE,130,
BLANZ,W.E.,TRUE,131,
BLASDEL,G.G.,TRUE,132,
BLASDEL,GARY G.,FALSE,132,
BLASIG,REINHARD,TRUE,133,
BLATT,M.,TRUE,134,
BLAUM,MARIO,TRUE,135,
BLOESCH,ANTHONY,TRUE,136,
BLUM,AVRIM,TRUE,137,
BLUM,EDWARD K.,FALSE,137,1
BMSKE,JORG,TRUE,138,
BOAHEN,K.,TRUE,139,
BOAHEN,KWABENA A.,FALSE,139,
BOCCHIERI,ENRICO,TRUE,140,
BODENHAUSEN,ULRICH,TRUE,141,
BOE,GENE,TRUE,142,
BOES,S.,TRUE,143,
BOHOSSIAN,V.,TRUE,144,
BOHOSSIAN,VASKEN,FALSE,144,
BOHR,HENRIK,TRUE,145,
BOHR,JAKOB,FALSE,145,1
BOLLMANN-SDORRA,PETER,TRUE,146,
BOLOURI,H.,TRUE,147,
BONDS,A.B.,TRUE,148,
BONE,DON,TRUE,149,
BONNLANDER,BRIAN V.,TRUE,150,
BONTEMPI,GIANLUCA,TRUE,151,
BOONYANIT,KAN,TRUE,152,
BORG-GRAHAM,LYLE J.,TRUE,153,
BORGER,JULIA,TRUE,154,
BORISYUK,G.N.,TRUE,155,
BORISYUK,R.M.,FALSE,155,1
BOS,SIEGFRIED,TRUE,156,
BOSER,B.,TRUE,157,
BOSER,BERNHARD E.,FALSE,157,
BOSTOCK,RICHARD T. J.,TRUE,158,
BOTELHO,F.,TRUE,159,
BOTELHO,FERNANDA,FALSE,159,
BOTROS,SHERIF,TRUE,160,
BOTTOU,L.,TRUE,161,
BOTTOU,LEON,FALSE,161,
BOURGINE,PAUL,TRUE,162,
BOURLARD,H.,TRUE,163,
BOURLARD,HERVD,FALSE,163,
BOURLARD,HERVE,FALSE,163,
BOUSSARD,ERIC,TRUE,164,
BOWER,JAMES,TRUE,165,
BOWER,JAMES M.,FALSE,165,
BOWMAN,CHRISTOPHER,TRUE,166,
BOX,BRIAN,TRUE,167,
BOYAN,JUSTIN,TRUE,168,
BOYAN,JUSTIN A.,FALSE,168,
BOYEN,XAVIER,TRUE,169,
BOYLE,MARY E. T.,TRUE,170,
BRABANT,GEORG,TRUE,171,
BRADLEY,P.S.,TRUE,172,
BRADSHAW,GARY,TRUE,173,
BRADTKE,STEVEN,TRUE,174,
BRADTKE,STEVEN J.,FALSE,174,
BRADY,DAVID,TRUE,175,
BRAITENBERG,VALENTINO,TRUE,176,
BRAND,MATTHEW,TRUE,177,
BRANDEIS,D.,TRUE,178,
BRASHERS-KRUG,TOM,TRUE,179,
BRAUER,WILFRIED,TRUE,180,
BRAUN,JOCHEN,TRUE,181,
BRAVER,TODD S.,TRUE,182,
BREGLER,CHRISTOPH,TRUE,183,
BREGLER,CRISTOPH,FALSE,183,
BRETTLE,DEAN,TRUE,184,
BRICOLO,EMANUELA,TRUE,185,
BRIDLE,JOHN,TRUE,186,
BRIDLE,JOHN S.,FALSE,186,
BRIEGEL,THOMAS,TRUE,187,
BRIGHTWELL,G.,TRUE,188,
BRODLEY,CARLA,TRUE,189,
BRODY,CARLOS,TRUE,190,
BRODY,CARLOS D.,FALSE,190,
BROMLEY,JANE,TRUE,191,
BROWN,ANDREW D.,TRUE,192,
BROWN,EDGAR A.,FALSE,192,1
BROWN,GUY J.,FALSE,192,1
BROWN,LYNDON J.,FALSE,192,1
BROWN,NATHAN H.,FALSE,192,1
BROWN,THOMAS,FALSE,192,1
BROWN,THOMAS H.,FALSE,192,
BROWN,TIMOTHY X.,FALSE,192,1
BROWNLOW,MICHAEL,TRUE,193,
BRUCK,J.,TRUE,194,
BRUCK,JEHOSHUA,FALSE,194,
BRUNAK,SOREN,TRUE,195,
BTILTHOFF,HEINRICH H.,TRUE,196,
BUCHANAN,JAMES T.,TRUE,197,
BUCKINGHAM,J.T.,TRUE,198,
BUCKLAND,KENNETH M.,TRUE,199,
BUHMANN,JOACHIM,TRUE,200,
BUHMANN,JOACHIM M.,FALSE,200,
BULSARA,A.R.,TRUE,201,
BURACAS,G. T.,TRUE,202,
BURGER,MATTHIAS,TRUE,203,
BURGES,CHRIS J.C.,TRUE,204,
BURGES,CHRISTOPHER J.C.,FALSE,204,
BURGESS,A. NELL,TRUE,205,
BURGESS,NEIL,FALSE,205,
BURKE,HARRY,TRUE,206,
BURL,MICHAEL,TRUE,207,
BURNOD,YVES,TRUE,208,
BURR,DAVID J.,TRUE,209,
BURR,JAMES B.,FALSE,209,1
BUSEY,THOMAS A.,TRUE,210,
BUTLER,ZOE F.,TRUE,211,
CACCIATORE,TIMOTHY W.,TRUE,212,
CAI,DONGHUI,TRUE,213,
CALABRESE,RONALD L.,TRUE,214,
CALLAN,JAMES P.,TRUE,215,
CAMANA,RICH,TRUE,216,
CAMEVALE,NICHOLAS,TRUE,217,
CAMPADELLI,PAOLA,TRUE,218,
CAMPBELL,COLIN,TRUE,219,
CAMPBELL,P.,FALSE,219,1
CANU,STEPHANE,TRUE,220,
CAPRILE,BRUNO,TRUE,221,
CARDIN,REGIS,TRUE,222,
CARLEY,L. RICHARD,TRUE,223,
CARLILE,SIMON,TRUE,224,
CARREIRA-PERPINAN,MIGUEL A.,TRUE,225,
CARTER,MICHAEL J.,TRUE,226,
CARUANA,R.,TRUE,227,
CARUANA,RICH,FALSE,227,
CASTAFIO,REBECCA,TRUE,228,
CATALTEPE,ZEHRA,TRUE,229,
CAUWENBERGHS,G.,TRUE,230,
CAUWENBERGHS,GERT,FALSE,230,
CAVANAUGH,JAMES R.,TRUE,231,
CAVAZOS,JOHN,TRUE,232,
CBOE,Y.,TRUE,233,
CECI,LOUIS,TRUE,234,
CEKIC,M.,TRUE,235,
CESSAC,BRUNO,TRUE,236,
CHANCE,FRANCES S.,TRUE,237,
CHANG,ERIC,TRUE,238,
CHANG,ERIC I.,FALSE,238,
CHAPELLE,OLIVIER,TRUE,239,
CHAPMAN,DAVID,TRUE,240,
CHATTERJEE,CHANTHAL,TRUE,241,
CHAU,PAUL M.,TRUE,242,
CHAUVIN,YVES,TRUE,243,
CHECHIK,GAL,TRUE,244,
CHELLAPPA,RAMA,TRUE,245,
CHEMJAVSKY,ALEX,TRUE,246,
CHEN,D.,TRUE,247,
CHEN,H. H.,FALSE,247,1
CHEN,H.H.,FALSE,247,
CHEN,HSING-HEN,FALSE,247,
CHEN,KE,FALSE,247,1
CHENG,ROGER,TRUE,248,
CHERKASSKY,VLADIMIR,TRUE,249,
CHERKAUER,K.J.,TRUE,250,
CHEUNG,JOHN Y.,TRUE,251,
CHI,Z.,TRUE,252,
CHIANG,ALICE,TRUE,253,
CHIANG,ALICE M.,FALSE,253,
CHIANG,WAN-PING,FALSE,253,1
CHIANG,YU-MING,FALSE,253,1
CHIEL,HI.,TRUE,254,
CHIEL,HILLEL J.,FALSE,254,
CHIU,TIMOTHY,TRUE,255,
CHIUEH,TZI-DAR,TRUE,256,
CHIUEH,TZIODAR,FALSE,256,
CHKLOVSKII,DMITRI B.,TRUE,257,
CHO,JUNG-WOOK,TRUE,258,
CHOI,S.P.M.,TRUE,259,
CHOI,SAMUEL P.M.,FALSE,259,
CHOU,P.A.,TRUE,260,
CHOUKRI,KHALID,TRUE,261,
CHOVER,JOSHUA,TRUE,262,
CHRISTIAN,JIM,TRUE,263,
CHRISTIANSON,G. BJORN,TRUE,264,
CHRISTY,PAUL,TRUE,265,
CHU,PO HSIANG,TRUE,266,
CHU,R.,FALSE,266,1
CHUANG,MICHAEL,TRUE,267,
CHUANG,MICHAEL L.,FALSE,267,
CHULAEVSKY,V.A.,TRUE,268,
CHURCHER,S.,TRUE,269,
CHURCHER,STEPHEN,FALSE,269,
CICHOCKI,A.,TRUE,270,
CICHOCKI,ANDRZEJ,FALSE,270,
CLAIBORNE,BRENDA,TRUE,271,
CLAIBORNE,BRENDA J.,FALSE,271,
CLARE,THOMAS,TRUE,272,
CLEEREMANS,AXEL,TRUE,273,
CLOUSE,DANIEL S.,TRUE,274,
CMZ-CABRARA,ALVARO A.,TRUE,275,
COELHO,J.A.,TRUE,276,
COENEN,O.J.M.,TRUE,277,
COENEN,OLIVIER,FALSE,277,
COETZEE,FRANS M.,TRUE,278,
COGGINS,RICHARD,TRUE,279,
COGGINS,RICHARD J.,FALSE,279,
COHEN,EYAL,TRUE,280,
COHEN,JONATHAN D.,FALSE,280,1
COHEN,MARC H.,FALSE,280,1
COHEN,MICHAEL,FALSE,280,1
COHEN,WILLIAM W.,FALSE,280,1
COHN,DAVID,TRUE,281,
COHN,DAVID A.,FALSE,281,
COLE,CLINT S.,TRUE,282,
COLE,RONALD,FALSE,282,1
COLE,RONALD A.,FALSE,282,
COLLARD,JOSEPH,TRUE,283,
CONES,C.,TRUE,284,
CONNOLLY,CHRISTOPHER,TRUE,285,
CONNOR,JEROME,TRUE,286,
COOK,GARY,TRUE,287,
COOLEN,A. C. C.,TRUE,288,
COOLEN,A.C.C.,FALSE,288,
COON,D.D.,TRUE,289,
COOPER,GREGORY E,TRUE,290,
COOPER,LEON N.,FALSE,290,1
COOPER,PAUL R.,FALSE,290,1
COPPENS,MARC-OLIVIER,TRUE,291,
CORDEROY,ANNA,TRUE,292,
CORNFORD,DAN,TRUE,293,
CORTES,CORINNA,TRUE,294,
COSATTO,ERIC,TRUE,295,
COSI,PIERO,TRUE,296,
COTTERILL,RODNEY,TRUE,297,
COTTRELL,GARRISON,TRUE,298,
COTTRELL,GARRISON W.,FALSE,298,
COTTRELL,GARRISONW.,FALSE,298,
COUGHLAN,JAMES M.,TRUE,299,
COURCHESNE,ERIC,TRUE,300,
COWAN,J.D.,TRUE,301,
COWAN,JACK D.,FALSE,301,
COWEN,J.D.,TRUE,302,
COX,STEPHEN,TRUE,303,
CRAIR,MICHAEL C.,TRUE,304,
CRAVEN,M.W.,TRUE,305,
CREPON,MICHEL,TRUE,306,
CRISP,DAVID J.,TRUE,307,
CRISTIANINI,NELLO,TRUE,308,
CRITES,R.H.,TRUE,309,
CRITES,ROBERT,FALSE,309,
CROSS,ANDREW D.J.,TRUE,310,
CSATO,LEHEL,TRUE,311,
CTTIEN,STEVE,TRUE,312,
CUMMINGS,KEVIN,TRUE,313,
CUN,YANN LE,TRUE,314,
CUNNINGHAM,ROBERT,TRUE,315,
CYMBALYUK,GENNADY S.,TRUE,316,
DAILEY,MATTHEW N.,TRUE,317,
DALE,M.,TRUE,318,
DAO,JOSEPH,TRUE,319,
DARKEN,C.,TRUE,320,
DARKEN,CHRISTIAN,FALSE,320,
DARLING,ROBERT B.,TRUE,321,
DARRELL,T.,TRUE,322,
DARRELL,TREVOR,FALSE,322,
DARRELL,TREVOR J.,FALSE,322,
DAS,SREERUPA,TRUE,323,
DASGUPTA,B.,TRUE,324,
DASGUPTA,BHASKAR,FALSE,324,
DAVIDOWITZ,HANAN,TRUE,325,
DAVIES,SCOTT,TRUE,326,
DAVIS,LAWRENCE,TRUE,327,
DAYAN,P.,TRUE,328,
DAYAN,PETER,FALSE,328,
DE-BONET,JEREMY S.,TRUE,329,
DE-FREITAS,JOAO F.G.,TRUE,330,
DE-FREITAS,JOFIO F.G.,FALSE,330,
DE-GERLACHE,MARTINE,TRUE,331,
DE-MORI,RENATO,TRUE,332,
DE-OLIVEIRA,PEDRO GUEDES,TRUE,333,
DE-RUYTER-VAN-STEVENINCK,R. R.,TRUE,334,
DE-RUYTER-VAN-STEVENINCK,ROB,FALSE,334,
DE-SA,VIRGINIA R.,TRUE,335,
DE-VRIES,BERT,TRUE,336,
DEAN,PAUL,TRUE,337,
DECHARMS,R. CHRISTOPHER,TRUE,338,
DECO,GUSTAVO,TRUE,339,
DEFFAYET,CEDRIC,TRUE,340,
DELBRUCK,T.,TRUE,341,
DELBRUCK,TOBI,FALSE,341,
DEMBO,A.,TRUE,342,
DEMBO,AMIR,FALSE,342,
DEMERS,DAVID,TRUE,343,
DEMIRIZ,AYHAN,TRUE,344,
DENEVE,SOPHIE,TRUE,345,
DENHAM,M.J.,TRUE,346,
DENKER,J.S.,TRUE,347,
DENKER,JOHN,FALSE,347,
DENKER,JOHN S.,FALSE,347,
DENNIS,SIMON,TRUE,348,
DEPPISCH,J.,TRUE,349,
DERTHICK,MARK,TRUE,350,
DEWEERTH,STEPHEN P.,TRUE,351,
DEWEESE,M.,TRUE,352,
DHAWAN,ATAM P.,TRUE,353,
DIAMANTARAS,K. I.,TRUE,354,
DIAMOND,JAY,TRUE,355,
DICKINSON,BRADLEY W.,TRUE,356,
DIETTERICH,T.G.,TRUE,357,
DIETTERICH,THOMAS,FALSE,357,
DIETTERICH,THOMAS G.,FALSE,357,
DIKAIAKOS,M.,TRUE,358,
DIMITROV,ALEXANDER,TRUE,359,
DIORIO,CHRIS,TRUE,360,
DIXON,L.C.,TRUE,361,
DMCKER,HARRIS,TRUE,362,
DODIER,R.,TRUE,363,
DODIER,ROBERT H.,FALSE,363,
DOM,BYRON,TRUE,364,
DOMANY,E.,TRUE,365,
DOMANY,EYTAN,FALSE,365,
DONATO,GIANLUCA,TRUE,366,
DONG,DAWEI,TRUE,367,
DONG,DAWEI W.,FALSE,367,
DONHAM,CHRISTOPHER,TRUE,368,
DONNETT,JIM,TRUE,369,
DONOGHUE,JOHN P.,TRUE,370,
DORFFNER,GEORG,TRUE,371,
DORNAY,MENASHE,TRUE,372,
DOUCET,ARNAUD,TRUE,373,
DOUGLAS,RODNEY,TRUE,374,
DOUGLAS,RODNEY J.,FALSE,374,
DOUGLASS,JOHN K.,TRUE,375,
DOW,BRUCE,TRUE,376,
DOW,FXNST R.,FALSE,376,1
DOWNS,OLIVER B.,TRUE,377,
DOWNS,T.,FALSE,377,1
DOYA,K.,TRUE,378,
DOYA,KENJI,FALSE,378,
DOYLE,H.R.,TRUE,379,
DOYON,BERNARD,TRUE,380,
DREES,A.,TRUE,381,
DREYFUS,G.,TRUE,382,
DREYFUS,GERARD,FALSE,382,
DROR,GIDEON,TRUE,383,
DRUCKER,H.,TRUE,384,
DRUCKER,HARRIS,FALSE,384,
DRUZINSKY,ROBERT E.,TRUE,385,
DUDA,RICHARD O.,TRUE,386,
DUFF,MICHAEL,TRUE,387,
DUFF,MICHAEL O.,FALSE,387,
DUFFY,NIGEL,TRUE,388,
DUNMUR,A.P.,TRUE,389,
DUONG,T.,TRUE,390,
DURING,A.,TRUE,391,
DYER,MICHAEL G.,TRUE,392,
EATON,ROBERT C.,TRUE,393,
ECKMILLER,ROLF,TRUE,394,
EDELMAN,SHIMON,TRUE,395,
EDWARDS,PETER J.,TRUE,396,
EDWARDS,R. TIMOTHY,FALSE,396,1
EDWARDS,R.T.,FALSE,396,
EDWARDS,THOMAS G.,FALSE,396,1
EECKMAN,FRANK,TRUE,397,
EECKMAN,FRANK H.,FALSE,397,
EHMAN,RICHARD,TRUE,398,
EISENBERG,JOE,TRUE,399,
EKMAN,P.,TRUE,400,
EKMAN,PAUL,FALSE,400,
EL-SHARKAWI,MOHAMED,TRUE,401,
EL-YANIV,RAN,TRUE,402,
ELBAURN,CHARLES,TRUE,403,
ELFADEL,I. M.,TRUE,404,
ELISSEEFF,ANDRE,TRUE,405,
ELMAN,J.L.,TRUE,406,
ELMAN,JEFFREY L.,FALSE,406,
ELVGREN,GILLETTE,TRUE,407,
ENGLEBRECHT,JACOB,TRUE,408,
EREL,JACOB,TRUE,409,
ERLANSON,R.,TRUE,410,
ERLANSON,RUTH,FALSE,410,
ERSU,E.,TRUE,411,
ERWIN,E.,TRUE,412,
ESKANDAR,EMAD N.,TRUE,413,
ESSA,IRFAN,TRUE,414,
ETIENNE-CUMMINGS,R.,TRUE,415,
ETIENNE-CUMMINGS,RALPH,FALSE,415,
EURICH,CHRISTIAN W.,TRUE,416,
FAGGIN,FEDERICO,TRUE,417,
FAHLMAN,SCOTT,TRUE,418,
FAHLMAN,SCOTT E.,FALSE,418,
FAHNER,GERALD,TRUE,419,
FALLER,WILLIAM,TRUE,420,
FALLSIDE,F.,TRUE,421,
FANG,YAN,TRUE,422,
FANST,UDO,TRUE,423,
FANTY,MARK,TRUE,424,
FARAH,MARTHA,TRUE,425,
FARBER,ROBERT,TRUE,426,
FAROTIMI,O.,TRUE,427,
FARRELL,J. A.,TRUE,428,
FARRELL,KEVIN R.,FALSE,428,1
FAYYAD,USAMA,TRUE,429,
FEFFERMAN,CHARLES,TRUE,430,
FELD,DAVID,TRUE,431,
FELS,S. SIDNEY,TRUE,432,
FENG,JIANFENG,TRUE,433,
FERAUD,RAPHAEL,TRUE,434,
FERGUSON,A.,TRUE,435,
FERNANDEZ,MANUEL F.,TRUE,436,
FERNI,H.,TRUE,437,
FERRA,H.L.,TRUE,438,
FERRA,HERMAN,FALSE,438,
FERRARI-TRECATE,GIANCARLO,TRUE,439,
FERREE,THOMAS C.,TRUE,440,
FETZ,E.E.,TRUE,441,
FETZ,EBERHARD E.,FALSE,441,
FEULNER,JOHANNES,TRUE,442,
FINCH,ANDREW M.,TRUE,443,
FINCH,S.,FALSE,443,
FINE,SHAI,TRUE,444,
FINE,TERRENCE,FALSE,444,1
FINE,TERRENCE L.,FALSE,444,
FINKE,M.,TRUE,445,
FINKE,MICHAEL,FALSE,445,
FINKEL,LEIF H.,TRUE,446,
FINNOFF,WILLIAM,TRUE,447,
FISHER,JOHN W.,TRUE,448,
FISHER,STEPHEN A.,FALSE,448,1
FLAKE,G.W.,TRUE,449,
FLAKE,GARY W.,FALSE,449,
FLAMMIA,GIOVANNI,TRUE,450,
FLANN,NICHOLAS S.,TRUE,451,
FLASH,T.,TRUE,452,
FLASH,TAMAR,FALSE,452,
FLAX,MARSHALL,TRUE,453,
FLEISCHER,KURT,TRUE,454,
FLEISHER,MICHAEL,TRUE,455,
FLEXER,ARTHUR,TRUE,456,
FLOWER,B.,TRUE,457,
FLOWER,BARRY,FALSE,457,
FOKOUE,ERNEST,TRUE,458,
FOLTZ,PETER,TRUE,459,
FORREST,STEPHANIE,TRUE,460,
FORSYTH,DAVID,TRUE,461,
FORTES,JOSE A.B.,TRUE,462,
FOSTER,DAVID J.,TRUE,463,
FOX,GEOFFREY,TRUE,464,
FOZZARD,RICHARD,TRUE,465,
FRAGNIERE,E.,TRUE,466,
FRAGNIERE,ERIC,FALSE,466,
FRANCO,HORACIO,TRUE,467,
FRANK,JEREMY,TRUE,468,
FRASCONI,PAOLO,TRUE,469,
FREAN,MARCUS,TRUE,470,
FREDHOLM,HENRIK,TRUE,471,
FREEMAN,DONALD T.,TRUE,472,
FREEMAN,WILLIAM T.,FALSE,472,1
FREIDMAN,JEROME,TRUE,473,
FREUND,YOAV,TRUE,474,
FREY,B.J.,TRUE,475,
FREY,BRENDAN J.,FALSE,475,
FRIEDMAN,A.E.,TRUE,476,
FRIEDMAN,NIR,FALSE,476,1
FRIEG,THILO T.,TRUE,477,
FRITSCH,JUERGEN,TRUE,478,
FRITZKE,BEMD,TRUE,479,
FRITZKE,BERND,FALSE,479,1
FRY,C.L.,TRUE,480,
FRYE,ROBERT,TRUE,481,
FUKUMIZU,K.,TRUE,482,
FUKUMURA,N.,TRUE,483,
FUKUMURA,NAOHIRO,FALSE,483,
FURLANELLO,CESARE,TRUE,484,
FURUKAWA,T.,TRUE,485,
GABBIANI,FABRIZIO,TRUE,486,
GALLAND,CONRAD C.,TRUE,487,
GALLANT,JACK L.,TRUE,488,
GALLINARI,PATRICK,TRUE,489,
GALPERIN,GREGORY R.,TRUE,490,
GAO,FANGYU,TRUE,491,
GARBER,F.D.,TRUE,492,
GARDNER,W.R.,TRUE,493,
GARZON,M.,TRUE,494,
GARZON,MAX,FALSE,494,
GASSER,MICHAEL,TRUE,495,
GAT,ITAY,TRUE,496,
GATELY,MICHAEL T.,TRUE,497,
GAUDIANO,PAOLO,TRUE,498,
GAUTRALS,JACQUES,TRUE,499,
GDALYAHU,YORAM,TRUE,500,
GEE,ANDREW,TRUE,501,
GEE,ANDREW H.,FALSE,501,
GEIGER,D.,TRUE,502,
GEIGER,DAVI,FALSE,502,
GEISEL,T.,TRUE,503,
GEISEL,THEO,FALSE,503,
GELFAND,J.J.,TRUE,504,
GELFAND,JACK,FALSE,504,
GEMAN,SMART,TRUE,505,
GENTILE,CLAUDIO,TRUE,506,
GENTNER,DEDRE,TRUE,507,
GERSHO,A.,TRUE,508,
GERSHO,ANEN,FALSE,508,
GERSTNER,W.,TRUE,509,
GERSTNER,WULFRAM,FALSE,509,
GERULES,MARK,TRUE,510,
GHAHRAMANI,Z.,TRUE,511,
GHAHRAMANI,ZOUBIN,FALSE,511,
GHANI,MOHAMMED-ABDEL,TRUE,512,
GHISELLI-CRIPPA,THEA B.,TRUE,513,
GHOSH,JOYDEEP,TRUE,514,
GHOSN,JOUMANA,TRUE,515,
GIANNAKOPOULOS,XAVIER,TRUE,516,
GILBERT,SHELDON,TRUE,517,
GILES,C. LEE,TRUE,518,
GILES,C.L.,FALSE,518,
GILLESPIE,DAVE,TRUE,519,
GILLOUX,M.,TRUE,520,
GINDI,GENE,TRUE,521,
GINGRAS,F.,TRUE,522,
GINPEN,RODERIC,TRUE,523,
GINZBURG,IRIS,TRUE,524,
GIROSI,FEDERICO,TRUE,525,
GISH,SHERI L.,TRUE,526,
GIULIANI,DIEGO,TRUE,527,
GLASS,JAMES,TRUE,528,
GLASSMAN,MARTIN S.,TRUE,529,
GLOVER,MICHAEL A.,TRUE,530,
GLUCK,MARK,TRUE,531,
GLUCK,MARK A.,FALSE,531,
GLYNN,JAMES,TRUE,532,
GOEBEL,RAINER,TRUE,533,
GOGGIN,SHELLY,TRUE,534,
GOLD,JOSH I.,TRUE,535,
GOLD,S.,FALSE,535,1
GOLD,STEVEN,FALSE,535,
GOLDBERG,K.Y.,TRUE,536,
GOLDBERG,PAUL W.,FALSE,536,1
GOLDEN,RICHARD,TRUE,537,
GOLDEN,RICHARD M.,FALSE,537,
GOLDSTEIN,M.H.,TRUE,538,
GOLDSTEIN,MOISE H.,FALSE,538,
GOLEA,MOSTEFA,TRUE,539,
GOLOMB,B.A.,TRUE,540,
GOLOWICH,STEVEN E.,TRUE,541,
GOMI,HIROAKI,TRUE,542,
GONYE,GREGORY E.,TRUE,543,
GOODHILL,G.J.,TRUE,544,
GOODHILL,GEOFFREY,FALSE,544,
GOODHILL,GEOFFREY J.,FALSE,544,
GOODINE,DAVID,TRUE,545,
GOODMAN,JOSEPH W.,TRUE,546,
GOODMAN,PHILIP H.,FALSE,546,1
GOODMAN,RODNEY,FALSE,546,1
GOODMAN,RODNEY M.,FALSE,546,
GOODWIN,JAMES,TRUE,547,
GOODWIN,JAMES M.,FALSE,547,
GORDON,G.J.,TRUE,548,
GORDON,MIRTA B.,FALSE,548,1
GOTHARD,KATALIN M.,TRUE,549,
GOUDREAU,MARK W.,TRUE,550,
GOURLEY,R.,TRUE,551,
GRACE,JOHN,TRUE,552,
GRAEPEL,THORE,TRUE,553,
GRAF,H.P.,TRUE,554,
GRAF,HANS P.,FALSE,554,
GRAF,HANS PETER,FALSE,554,
GRAHAM,BRUCE,TRUE,555,
GRAJSKI,KAMIL A.,TRUE,556,
GRANDVALET,YVES,TRUE,557,
GRANGER,ERIC,TRUE,558,
GRANGER,RICHARD,FALSE,558,1
GRAY,MICHAEL S.,TRUE,559,
GREBERT,IGOR,TRUE,560,
GREENSPAN,HAYIT K.,TRUE,561,
GRIER,DAVID G.,TRUE,562,
GRIFFIN,R. D.,TRUE,563,
GRIMES,DAVID B.,TRUE,564,
GROSSBERG,STEPHEN,TRUE,565,
GROSSMAN,TAL,TRUE,566,
GROVE,ADAM J.,TRUE,567,
GRUEV,VIKTOR,TRUE,568,
GRUNEWALD,A.,TRUE,569,
GRUNEWALD,ALEXANDER,FALSE,569,
GRUPEN,R.A.,TRUE,570,
GRZESZCZUK,RADEK,TRUE,571,
GRZYWACZ,NORBERTO M.,TRUE,572,
GU,CHONG,TRUE,573,
GUHA,ALOKE,TRUE,574,
GUIGON,EMMANUEL,TRUE,575,
GULATI,SANDEEP,TRUE,576,
GULLAPALLI,VIJAYKUMAR,TRUE,577,
GUNZINGER,ANTON,TRUE,578,
GUPTA,AJAY,TRUE,579,
GUPTA,BHUSAN,FALSE,579,1
GUPTA,PRAHLAD,FALSE,579,1
GUSTAFSON,KARL,TRUE,580,
GUSTARSON,KARL,TRUE,581,-1
GUYON,I.,TRUE,582,
GUYON,ISABELLE,FALSE,582,
GUZIK,AUDREY L.,TRUE,583,
GYGER,STEVE,TRUE,584,
GYORGYI,GEZA,TRUE,585,
HADDEN,LUCY E.,TRUE,586,
HADJFFARADJI,S.,TRUE,587,
HADJIFARADJI,SAEED,TRUE,588,-1
HAFFNER,PATRICK,TRUE,589,
HAGER,J.C.,TRUE,590,
HAGER,JOSEPH C.,FALSE,590,
HAGGERTY,JOHN,TRUE,591,
HAGHIGHI,S.,TRUE,592,
HAJTO,J.,TRUE,593,
HALKJAER,SCREN,TRUE,594,
HAMALAINEN,MATTI,TRUE,595,
HAMEY,LEONARD G.C.,TRUE,596,
HAMILTON,ALISTER,TRUE,597,
HAMMER,MARTIN,TRUE,598,
HAMMERSTROM,D.,TRUE,599,
HAMMERSTROM,DAN,FALSE,599,
HAMNO,MASAHIKO,TRUE,600,
HAMPSHIRE,J.B.,TRUE,601,
HAMPSHIRE,JOHN B.,FALSE,601,
HAN,IL SONG,TRUE,602,
HAN,IL-SONG,FALSE,602,
HANCOCK,EDWIN R.,TRUE,603,
HANCOCK,THOMAS R.,FALSE,603,1
HANDELMAN,DAVID,TRUE,604,
HANDZEL,A.A.,TRUE,605,
HANSEN,ERIC A.,TRUE,606,
HANSEN,L.K.,FALSE,606,1
HANSEN,LARS KAI,FALSE,606,
HANSEN,VOLKER,FALSE,606,1
HANSON,S.J.,TRUE,607,
HANSON,STEPHEN,FALSE,607,
HANSON,STEPHEN J.,FALSE,607,
HANSON,STEPHEN JOSE,FALSE,607,
HARGET,ALAN J.,TRUE,608,
HARI,RIITTA,TRUE,609,
HARMON,MANCE,TRUE,610,
HARP,STEVEN A.,TRUE,611,
HARRIS,JOHN G.,TRUE,612,
HARRIS-WARRICK,RONALD M.,TRUE,613,
HARRISON,REID R.,TRUE,614,
HARTSTEIN,A.,TRUE,615,
HASLER,PAUL,TRUE,616,
HASSELMO,M.,TRUE,617,
HASSELMO,MICHAEL,FALSE,617,
HASSELMO,MICHAEL E.,FALSE,617,
HASSIBI,BABAK,TRUE,618,
HASTIE,T.,TRUE,619,
HASTIE,TREVOR,FALSE,619,
HAUSSLER,DAVID,TRUE,620,
HAWKINS,JIM,TRUE,621,
HAYASHI,AKIRA,TRUE,622,
HAYASHI,YOICHI,FALSE,622,1
HAYHOE,M.M.,TRUE,623,
HAYNES,PAUL S.,TRUE,624,
HE,YU,TRUE,625,
HEADING,ANTHONY J.R.,TRUE,626,
HEBLER,VERENA,TRUE,627,
HECKMAN,C. J.,TRUE,628,
HEIL,STEFAN,TRUE,629,
HEILEMAN,G.L.,TRUE,630,
HELD,MARCUS,TRUE,631,
HELMBOLD,D.P.,TRUE,632,
HELMBOLD,DAVID,FALSE,632,
HELMKE,UWE,TRUE,633,
HELY,TIM A.,TRUE,634,
HENDERSON,D.,TRUE,635,
HENDERSON,DONNIE,FALSE,635,
HENDLER,JAMES,TRUE,636,
HENIS,EALAN A.,TRUE,637,
HENKEL,ROLF D.,TRUE,638,
HENKLE,VAN,TRUE,639,
HENNECKE,MARCUS,TRUE,640,
HENRY,HOWARD,TRUE,641,
HERBRICH,RALF,TRUE,642,
HERBSTER,M.,TRUE,643,
HERGERT,E,TRUE,644,
HERMANSKY,HYNEK,TRUE,645,
HERNANDEZ,GERARDINA,TRUE,646,
HERSCHKOWITZ,DIDIER,TRUE,647,
HERSHEY,JOHN,TRUE,648,
HERTZ,J.,TRUE,649,
HERTZ,JOHN,FALSE,649,
HERTZ,JOHN A.,FALSE,649,
HERZ,ANDREAS,TRUE,650,
HESKES,TOM,TRUE,651,
HIFFIIGER,PHILIPP,TRUE,652,
HIGGINS,CHARLES M.,TRUE,653,
HIHI,S.E.,TRUE,654,
HILD,HERMANN,TRUE,655,
HINTON,G.,TRUE,656,
HINTON,GEOFFREY,FALSE,656,
HINTON,GEOFFREY E.,FALSE,656,
HIRAI,YUZO,TRUE,657,
HIRAYAMA,MAKOTO,TRUE,658,
HIRSCHMAN,LYNETTE,TRUE,659,
HOBSON,J. ALLAN,TRUE,660,
HOCHBERG,M.M.,TRUE,661,
HOCHBERG,MIKE,FALSE,661,
HOCHREITER,SEPP,TRUE,662,
HOCHSTEIN,SHAUL,TRUE,663,
HOFMANN,R.,TRUE,664,
HOFMANN,REIMAR,FALSE,664,
HOFMANN,THOMAS,FALSE,664,1
HOGDEN,JOHN E.,TRUE,665,
HOGG,TAD,TRUE,666,
HOJEN-SORENSEN,PEDRO A.D.F.R.,TRUE,667,
HOLLAND,JOHN H.,TRUE,668,
HOLLATZ,JURGEN,TRUE,669,
HOLLEMAN,JEREMY H.,TRUE,670,
HOLLER,MARK,TRUE,671,
HOLLMEN,JAAKKO,TRUE,672,
HOLMANN,REIMAR,TRUE,673,
HOLMANN,THOMAS,FALSE,673,1
HOLMES,A.J.,TRUE,674,
HOLMES,PHILIP J.,FALSE,674,1
HOLMSTROM,LASSE,TRUE,675,
HOME,B.G.,TRUE,676,
HOME,BILL G.,FALSE,676,
HOMIK,K.,TRUE,677,
HOMIK,KURT,FALSE,677,
HOMMA,TOSHITERU,TRUE,678,
HONDA,KIYOSHI,TRUE,679,
HONRUBIA,VICENTE,TRUE,680,
HOPFIELD,J.J.,TRUE,681,
HOPFIELD,JOHN J.,FALSE,681,
HORIUCHI,TIM,TRUE,682,
HORIUCHI,TIMOTHY,FALSE,682,
HORIUCHI,TIMOTHY K.,FALSE,682,
HORMEL,MICHAEL,TRUE,683,
HORN,DAVID,TRUE,684,
HORNE,BILL,TRUE,685,
HORNE,BILL G.,FALSE,685,
HORNEL,DOMINIK,TRUE,686,
HORNIK,KURT,TRUE,687,
HORST,A.,TRUE,688,
HOUDE,JOHN E,TRUE,689,
HOUK,J.C.,TRUE,690,
HOUK,JAMES C.,FALSE,690,
HOWARD,R.E.,TRUE,691,
HOWE,NICHOLAS R.,TRUE,692,
HOWSE,J.W.,TRUE,693,
HOYER,PATRIK,TRUE,694,
HSIEH,TZU-PU,TRUE,695,
HSU,ANDREW,TRUE,696,
HSU,HUI-H.,FALSE,696,1
HSU,KEN,FALSE,696,1
HU,VICTOR,TRUE,697,
HUANG,WILLIAM Y.,TRUE,698,
HUBBARD,R.S.,TRUE,699,
HUBBARD,W.,FALSE,699,1
HUBERMAN,BERNARDO,TRUE,700,
HUBERMAN,BERNARDO A.,FALSE,700,
HUERTAS,J. L.,TRUE,701,
HUET,BENOIT,TRUE,702,
HUI,KWOK FAI,TRUE,703,
HUMPHREYS,MICHAEL,TRUE,704,
HUMPHTIES,COLIN,TRUE,705,
HUNKAPILLER,TIM,TRUE,706,
HURLBERT,ANYA,TRUE,707,
HURLBERT,ANYA C.,FALSE,707,
HUSBANDS,PARRY,TRUE,708,
HUSH,DON R.,TRUE,709,
HUTCHINSON,JAMES,TRUE,710,
HWANG,JENQ-NENG,TRUE,711,
HYVARINEN,AAPO,TRUE,712,
HYVARRINEN,AAPO,TRUE,713,
IHLER,ALEXANDER T.,TRUE,714,
IIZUKA,KUNIHIKO,TRUE,715,
IKEDA,SHIRO,TRUE,716,
INBAR,GIDEON E,TRUE,717,
INDIVERI,G.,TRUE,718,
INTRATOR,NATHAN,TRUE,719,
INUI,TOSHIO,TRUE,720,
IOFFE,SERGEY,TRUE,721,
IRAGUI,VICENTE,TRUE,722,
ISABELLE,JEAN-FRANQOIS,TRUE,723,
ISARD,M.,TRUE,724,
ISARD,MICHAEL,FALSE,724,
ISBELL,CHARLES L.,TRUE,725,
ISHII,HIROSHI,TRUE,726,
ISHII,SHIN,FALSE,726,1
ISO,KEN-ICHI,TRUE,727,
ITTI,LAURENT,TRUE,728,
JAAKKOLA,T.,TRUE,729,
JAAKKOLA,TOMMI,FALSE,729,
JAAKKOLA,TOMMI S.,FALSE,729,
JABD,MARWAN,TRUE,730,
JABRI,M.,TRUE,731,
JABRI,M.A.,FALSE,731,
JABRI,MARWAN,FALSE,731,
JABRI,MARWAN A.,FALSE,731,
JACKEL,L. D.,TRUE,732,
JACKEL,L.D.,FALSE,732,
JACKEL,LAWRENCE D.,FALSE,732,
JACKSON,G.,TRUE,733,
JACKSON,J.C.,FALSE,733,1
JACOBS,DAVID W.,TRUE,734,
JACOBS,E. W.,FALSE,734,1
JACOBS,ROBERT,FALSE,734,1
JACOBS,ROBERT A.,FALSE,734,
JAGOTA,A.,TRUE,735,
JAIN,AJAY N.,TRUE,736,
JAMES,DANIEL L.,TRUE,737,
JAMES,GARETH,FALSE,737,1
JANG,JU-SEOG,TRUE,738,
JANOW,R.,TRUE,739,
JAYAKUMAR,A.,TRUE,740,
JAYAKUMAR,ANTHONY,FALSE,740,
JEBARA,TONY,TRUE,741,
JENKINS,R.E.,TRUE,742,
JI,CHUANYI,TRUE,743,
JIM,KARO,TRUE,744,
JIN,CRAIG T.,TRUE,745,
JOE,KAZUKI,TRUE,746,
JOHNSON,D.,TRUE,747,
JOHNSON,DOUG,FALSE,747,
JOHNSON,ERIC,FALSE,747,1
JOHNSON,KRISTINA,FALSE,747,1
JOHNSON,MARTIN J.,FALSE,747,1
JOJIC,NEBOJSA,TRUE,748,
JORDAN,M.I.,TRUE,749,
JORDAN,MICHAEL,FALSE,749,
JORDAN,MICHAEL I.,FALSE,749,
JOSEPH,S.R.H.,TRUE,750,
JOUNY,I.,TRUE,751,
JOURJINE,ALEXANDER,TRUE,752,
JOUSMAKI,VEIKKO,TRUE,753,
JUDD,J. STEPHEN,TRUE,754,
JUDD,STEPHEN,FALSE,754,
JUELS,A.,TRUE,755,
JUNG,T.,TRUE,756,
JUNG,TZYY-PING,FALSE,756,
KABASHIMA,YOSHIYUKI,TRUE,757,
KACMARCIK,G.J.,TRUE,758,
KADIRKAMANATHAN,M.,TRUE,759,
KADIRKAMANATHAN,V.,FALSE,759,1
KAIHARA,R.,TRUE,760,
KAILATH,T.,TRUE,761,
KAILATH,THOMAS,FALSE,761,
KAIRISS,EDWARD W.,TRUE,762,
KAKADE,SHAM,TRUE,763,
KAMBHATLA,NANDA,TRUE,764,
KAMIMURA,RYOTARO,TRUE,765,
KAMM,CANDACE,TRUE,766,
KAMMEN,DANIEL,TRUE,767,
KAMMEN,DANIEL M.,FALSE,767,
KAMNANITHI,N.,TRUE,768,
KANADE,T.,TRUE,769,
KANERVA,PENTTI,TRUE,770,
KANG,KUKJIN,TRUE,771,
KANNAPPAN,SHEILA,TRUE,772,
KANTER,IDO,TRUE,773,
KANWAL,JAGMEET S.,TRUE,774,
KAPPEN,HILBERT J.,TRUE,775,
KARAKOULAS,GRIGORIS,TRUE,776,
KARO,MOSHE,TRUE,777,
KASDAN,HARVEY,TRUE,778,
KASSEBAUM,JOHN,TRUE,779,
KATAYAMA,MASAZUMI,TRUE,780,
KAUFMAN,LINDA,TRUE,781,
KAUSHANSKY,HOWARD,TRUE,782,
KAWATO,MITSUO,TRUE,783,
KAYE,P.,TRUE,784,
KAZLAS,PETER,TRUE,785,
KE,LIU,TRUE,786,
KEARNS,M.,TRUE,787,
KEARNS,MICHAEL,FALSE,787,
KEELER,JAMES,TRUE,788,
KEELER,JAMES D.,FALSE,788,
KEELER,JIM,FALSE,788,1
KEERTHI,S. SATHIYA,TRUE,789,
KEESING,RON,TRUE,790,
KEGL,BALAZS,TRUE,791,
KELLER,JOSEPH B.,TRUE,792,
KEMPTER,R.,TRUE,793,
KEMPTER,RICHARD,FALSE,793,
KENNEDY,JOHN,TRUE,794,
KENYON,C.,TRUE,795,
KENYON,G.T.,FALSE,795,1
KEPLER,THOMAS,TRUE,796,
KERNS,DOUGLAS,TRUE,797,
KERSHAW,D.J.,TRUE,798,
KERSTEN,DANIEL,TRUE,799,
KERSZBERG,MICHEL,TRUE,800,
KESSLER,DAVID A.,TRUE,801,
KEYMEULEN,DIDIER,TRUE,802,
KHANNA,S. K.,TRUE,803,
KHOTANZAD,ALIREZA,TRUE,804,
KIM,KI-CHUL,TRUE,805,
KINDERMANN,JORG,TRUE,806,
KINGSBURY,B.,TRUE,807,
KIOKE,YASUHARU,TRUE,808,
KIORPES,LYNNE,TRUE,809,
KIRILLOV,A.B.,TRUE,810,
KIRK,DAVID,TRUE,811,
KIRK,DAVID B.,FALSE,811,
KIRKPATRICK,SCOTT,TRUE,812,
KIVILUOTO,KIMMO,TRUE,813,
KIVINEN,J.,TRUE,814,
KIVINEN,JYRLD,FALSE,814,
KJAER,TROELS,TRUE,815,
KLEIN,BARBARA,TRUE,816,
KLEIN,RONALD,FALSE,816,
KLOPF,A. HARRY,TRUE,817,
KNERR,STEFAN,TRUE,818,
KNIERIM,JAMES J.,TRUE,819,
KNUDSEN,ERIC I.,TRUE,820,
KO,P.K.,TRUE,821,
KOCH,C.,TRUE,822,
KOCH,CHDSTOF,FALSE,822,
KOCH,CHRISTOF,FALSE,822,
KOCH,R.H.,FALSE,822,1
KOCHEISEN,MICHAEL,TRUE,823,
KOENIG,SVEN,TRUE,824,
KOHLMORGEN,JENS,TRUE,825,
KOHN,PHIL,TRUE,826,
KOIKE,YASUHAM,TRUE,827,
KOIRAN,P.,TRUE,828,
KOISTINEN,PETRI,TRUE,829,
KOLEN,JOHN,TRUE,830,
KOLEN,JOHN F.,FALSE,830,
KOLLER,DAPHNE,TRUE,831,
KOMPE,RAIL,TRUE,832,
KOMURA,MITSUO,TRUE,833,
KONDA,VIJAY R.,TRUE,834,
KONIG,Y.,TRUE,835,
KONIG,YOCHAI,FALSE,835,
KONISHI,M.,TRUE,836,
KONTORAVDIS,D.,TRUE,837,
KOSAKA,HIDEO,TRUE,838,
KOTANI,KOJI,TRUE,839,
KOVALENKO,YE. I.,TRUE,840,
KOWALCZYK,A.,TRUE,841,
KOWALCZYK,ADAM,FALSE,841,
KRAMER,A.,TRUE,842,
KRAMER,ALAN H.,FALSE,842,
KRAMER,J.,FALSE,842,1
KREMER,S.C.,TRUE,843,
KREUTZ-DELGADO,KENNETH,TRUE,844,
KRISHNAMURTHY,A. K.,TRUE,845,
KRISHNAPRASAD,P.S.,TRUE,846,
KRITAYAKIRANA,KONG,TRUE,847,
KROGH,A.,TRUE,848,
KROGH,ANDERS,FALSE,848,
KRUGER,W. FRITZ,TRUE,849,
KRUGLYAK,LEONID,TRUE,850,
KRUSCHKE,JOHN,TRUE,851,
KRYUKOV,V.I.,TRUE,852,
KRZYZAK,ADAM,TRUE,853,
KUDRIMOTI,HEMANT S.,TRUE,854,
KUH,ANTHONY,TRUE,855,
KUHN,G.M.,TRUE,856,
KUHN,GARY M.,FALSE,856,
KUKOLICH,LINDA,TRUE,857,
KUMAR,B.V.K. VIJAYA,TRUE,858,
KUO,JYH-MING,TRUE,859,
KVALE,MARK,TRUE,860,
KWON,CHULAN,TRUE,861,
LADES,MARTIN,TRUE,862,
LADNET,RICHARD,TRUE,863,
LAFRANCHISE,JEFFREY R.,TRUE,864,
LAGARIAS,JEFFREY C.,TRUE,865,
LAHAM,DARRELL,TRUE,866,
LAMBERT,RUSSELL H.,TRUE,867,
LAMBRIGSTEN,BJOM,TRUE,868,
LANDAUER,THOMAS K.,TRUE,869,
LANDOLT,OLIVER,TRUE,870,
LANE,STEPHEN,TRUE,871,
LANG,KEVIN,TRUE,872,
LANG,KEVIN J.,FALSE,872,
LANGDON,PAT,TRUE,873,
LANGE,DANIEL H.,TRUE,874,
LANGE,TRENT E.,FALSE,874,1
LANGENBACHER,H.,TRUE,875,
LAPEDES,ALAN,TRUE,876,
LAPPE,MARKUS,TRUE,877,
LARSEN,J.,TRUE,878,
LASKEY,KATHRYN,TRUE,879,
LASKOV,PAVEL,TRUE,880,
LATHAM,PETER E.,TRUE,881,
LATHROP,RICHARD H.,TRUE,882,
LATIMER,CYRIL,TRUE,883,
LAU,CLIFFORD,TRUE,884,
LAUGHTON,S.N.,TRUE,885,
LAUTMP,BENNY,TRUE,886,
LAVIGNA,ANTHONY,TRUE,887,
LAWRENCE,D.T.,TRUE,888,
LAWRENCE,NEIL,FALSE,888,1
LAWRENCE,PETER D.,FALSE,888,1
LAWRENCE,S.,FALSE,888,1
LAZZARO,J.,TRUE,889,
LAZZARO,JOHN,FALSE,889,
LE CUN,Y.,TRUE,890,
LE CUN,YANN,FALSE,890,
LEBIERE,CHRISTIAN,TRUE,891,
LEE,CHAN-DO,TRUE,892,
LEE,D. D.,FALSE,892,1
LEE,DANIEL D.,FALSE,892,
LEE,DALE K.,FALSE,892,1
LEE,HWANG-SOO,FALSE,892,1
LEE,MAURICE,FALSE,892,1
LEE,R.,FALSE,892,1
LEE,SOO-YOUNG,FALSE,892,1
LEE,SUSAN CIARROCCA,FALSE,892,1
LEE,TAI SING,FALSE,892,1
LEE,TE-WON,FALSE,892,1
LEE,WEE SUN,FALSE,892,1
LEE,WEI-TSIH,FALSE,892,1
LEE,Y. C.,FALSE,892,1
LEE,Y.C.,FALSE,892,
LEE,YEE-CHUN,FALSE,892,1
LEE,YING-WUNG,FALSE,892,1
LEEN,TODD,TRUE,893,
LEEN,TODD K.,FALSE,893,
LEERINK,LAURENS,TRUE,894,
LEERINK,LAURENS R.,FALSE,894,
LEGENDRE,GERALDINE,TRUE,895,
LEGLEYE,CLAIRE,TRUE,896,
LEHMANN,DIETRICH,TRUE,897,
LEHRER,RICHARD,TRUE,898,
LEINBACH,JARED,TRUE,899,
LEISCH,FRIEDRICH,TRUE,900,
LEISEH,FRIEDRICH,TRUE,901,-1
LEITE,J.A.F.,TRUE,902,
LEMARIE,B.,TRUE,903,
LEMASSON,GWENDAL,TRUE,904,
LEMMON,MICHAEL,TRUE,905,
LENZ,REINER,TRUE,906,
LEONG,HARRISON MONFOOK,TRUE,907,
LEONG,P.,FALSE,907,1
LEOW,WEE-KHENG,TRUE,908,
LEROUX,M.,TRUE,909,
LEUNG,HONG,TRUE,910,
LEUNG,HONG C.,FALSE,910,
LEUNG,MING-TAK,FALSE,910,1
LEVEMON,MICHAEL E.,TRUE,911,
LEVIN,A.U.,TRUE,912,
LEVIN,ASRIEL U.,FALSE,912,
LEVIN,ESTER,FALSE,912,1
LEVIN,ESTHER,FALSE,912,
LEVY,NIR,TRUE,913,
LEVY,WILLIAM B.,FALSE,913,1
LEWICKI,MICHAEL S.,TRUE,914,
LEWIS,EDWIN,TRUE,915,
LEWIS,M. ANTHONY,FALSE,915,1
LI,HANG,TRUE,916,
LI,JONATHAN Q.,FALSE,916,1
LI,QINGNAN,FALSE,916,1
LI,SONG,FALSE,916,1
LI,YI,FALSE,916,1
LI,ZHAOPING,FALSE,916,1
LIAO,YUANSONG,TRUE,917,
LIN,JUAN K.,TRUE,918,
LIN,MENG-JANG,FALSE,918,1
LIN,T.,FALSE,918,1
LIN,XIWU,FALSE,918,1
LINARES-BARRANCO,B.,TRUE,919,
LINCOLN,WILLIAM P.,TRUE,920,
LINDEN,A.,TRUE,921,
LINDEN,ALEXANDER,FALSE,921,
LINDER,TAMILS,TRUE,922,
LINSKER,RALPH,TRUE,923,
LINSTER,CHRISTIANE,TRUE,924,
LIPPE,D.,TRUE,925,
LIPPMAN,ANDREW,TRUE,926,
LIPPMANN,RICHARD,TRUE,927,
LIPPMANN,RICHARD P.,FALSE,927,
LISBERGER,S.G.,TRUE,928,
LISBERGER,STEPHEN G.,FALSE,928,
LITMAN,DIANE,TRUE,929,
LITTLESTONE,NICK,TRUE,930,
LITTMAN,MICHAEL,TRUE,931,
LITTMAN,MICHAEL L.,FALSE,931,
LITTMANN,E.,TRUE,932,
LIU,S.,TRUE,933,
LIU,SHIH-CHII,FALSE,933,1
LIU,WEIMIN,FALSE,933,1
LIU,XIUWEN,FALSE,933,1
LIU,YONG,FALSE,933,1
LIU,ZILI,FALSE,933,1
LOCH,JOHN,TRUE,934,
LOCKERY,SHAWN R.,TRUE,935,
LOGOTHETIS,NIKOS,TRUE,936,
LOINAZ,MARC,TRUE,937,
LONG,PHILIP M.,TRUE,938,
LONG,THERESA,FALSE,938,1
LONGTIN,ANDRE,TRUE,939,
LOOS,HENDRICUS G.,TRUE,940,
LOVE,BRADLEY C.,TRUE,941,
LOWE,DAVID,TRUE,942,
LOZANO,FERNANDO,TRUE,943,
LOZANO-PEREZ,TOMAS,TRUE,944,
LOZANO-PEREZ,TOMILS,FALSE,944,1
LU,CHIEN PING,TRUE,945,
LU,CHIEN-PING,FALSE,945,
LUMER,ERIK D.,TRUE,946,
LUNA,STEPHAN,TRUE,947,
LUND,JENNIFER,TRUE,948,
LUO,JIN,TRUE,949,
LUTTGES,MARVIN,TRUE,950,
LYNCH,GARY,TRUE,951,
LYON,RICHARD,TRUE,952,
LYTTON,WILLIAM W.,TRUE,953,
MA,SHENG,TRUE,954,
MAASS,W.,TRUE,955,
MAASS,WOLFGANG,FALSE,955,
MACDONALD,BRUCE,TRUE,956,
MACE,C. W.H.,TRUE,957,
MACKAY,D.,TRUE,958,
MACKAY,DAVID J. C.,FALSE,958,
MACKAY,DAVID J.C.,FALSE,958,
MACKIE,STUART,TRUE,959,
MACY,S. A.,TRUE,960,
MADARASMI,SUTHEP,TRUE,961,
MAECHLER,MARTIN,TRUE,962,
MAGDON-ISMAIL,MALIK,TRUE,963,
MAHONEY,J. JEFFREY,TRUE,964,
MAHOWALD,M.,TRUE,965,
MAHOWALD,MISHA,FALSE,965,
MAHOWALD,M.A.,FALSE,965,1
MAINEN,ZACHARY,TRUE,966,
MAIOROV,VITALY,TRUE,967,
MAJANI,E.,TRUE,968,
MAKARENKO,V.I.,TRUE,969,
MAKEIG,S.,TRUE,970,
MAKEIG,SCOTT,FALSE,970,
MAKHOUL,J.,TRUE,971,
MAKHOUL,JOHN,FALSE,971,
MALACH,RAFAEL,TRUE,972,
MALAKA,RAINER,TRUE,973,
MALIK,JITENDRA,TRUE,974,
MALKOFF,DONALD B.,TRUE,975,
MALONEY,LAURANCE T.,TRUE,976,
MALPELI,JOSEPH G.,TRUE,977,
MALTENFORT,MITCHELL GIL,TRUE,978,
MAMELAK,ADAM N.,TRUE,979,
MAMMONE,RICHARD J.,TRUE,980,
MANDUCA,ARMANDO,TRUE,981,
MANGASARIAN,O. L.,TRUE,982,
MANGASARIAN,O.L.,FALSE,982,
MANKE,STEFAN,TRUE,983,
MANN,JAMES R.,TRUE,984,
MANN,JIM,FALSE,984,1
MANN,REINHOLD,FALSE,984,1
MANN,TOBIAS,FALSE,984,1
MANSOUR,Y.,TRUE,985,
MANSOUR,YISHAY,FALSE,985,
MANWANI,AMIT,TRUE,986,
MARBACH,PETER,TRUE,987,
MARCANTONIO,A.,TRUE,988,
MARCHAND,M.,TRUE,989,
MARCHAND,MARIO,FALSE,989,
MARCOTTE,BEN A.,TRUE,990,
MARCUS,C.M.,TRUE,991,
MARCUS,CHARLES M.,FALSE,991,
MARDER,EVE,TRUE,992,
MARGARITIS,DIMITRIS,TRUE,993,
MARION,GLENN,TRUE,994,
MARKEL,SCOTT,TRUE,995,
MARKMAN,ARTHUR B.,TRUE,996,
MARKO,KENNETH,TRUE,997,
MARKS,ROBERT J.,TRUE,998,
MARKUS,ETAN J.,TRUE,999,
MARON,ODED,TRUE,1000,
MARSAN,DAVID,TRUE,1001,
MARSHALL,GILLIAN,TRUE,1002,
MARSHALL,J.A.,FALSE,1002,1
MARSHALL,JONATHAN A.,FALSE,1002,
MARSON,DAVID,TRUE,1003,
MARTIGNON,LAURA,TRUE,1004,
MARTIN,DOUGLAS R.,TRUE,1005,
MARTIN,G.L.,FALSE,1005,1
MARTIN,GALE,FALSE,1005,
MARTIN,GALE L.,FALSE,1005,
MARTIN,GREG,FALSE,1005,1
MARTIN,KEVIN E.,FALSE,1005,1
MARTIN,R. DOUGLAS,FALSE,1005,1
MARTS,ALAN D.,TRUE,1006,
MASON,LLEW,TRUE,1007,
MASSON,CLAUDINE,TRUE,1008,
MASSONE,LINA L. E.,TRUE,1009,
MASTEBROEK,H. A. K.,TRUE,1010,
MATAN,OFER,TRUE,1011,
MATHEUS,CHRISTOPHER J.,TRUE,1012,
MATHIESON,MARK,TRUE,1013,
MATHIS,DONALD,TRUE,1014,
MATHUR,BIMAL,TRUE,1015,
MATIC,NADA E.,TRUE,1016,
MATO,GERMAN,TRUE,1017,
MATSUI,HIROFUMI,TRUE,1018,
MATSUMOTO,KENJI,TRUE,1019,
MATSUOKA,Y.,TRUE,1020,
MAXWELL,T.,TRUE,1021,
MAYHEW,JOHN E.W.,TRUE,1022,
MCALLESTER,DAVID,TRUE,1023,
MCCABE,S.L.,TRUE,1024,
MCCALLUM,R. ANDREW,TRUE,1025,
MCCARTOR,HAL,TRUE,1026,
MCCLELLAND,JAMES L.,TRUE,1027,
MCCLURE,MARCELLA A.,TRUE,1028,
MCGOVERN,AMY,TRUE,1029,
MCKENNA,MICHAEL,TRUE,1030,
MCKEOWN,MARTIN J.,TRUE,1031,
MCLOUGHLIN,NIALL,TRUE,1032,
MCMILLAN,CLAYTON,TRUE,1033,
MCNAIR,ARTHUR,TRUE,1034,
MCNAUGHTON,BRUCE L.,TRUE,1035,
MCVEY,BRIAN D.,TRUE,1036,
MEAD,C.A.,TRUE,1037,
MEAD,CARVER,FALSE,1037,
MEAD,CARVER A.,FALSE,1037,
MEADOR,JACK L.,TRUE,1038,
MEILA,M.,TRUE,1039,
MEILA,MARINA,FALSE,1039,
MEILIJSON,ISAAC,TRUE,1040,
MEIR,R.,TRUE,1041,
MEIR,RON,FALSE,1041,
MEIR,RONNY,FALSE,1041,
MEISTER,MARKUS,TRUE,1042,
MEJIA,CARLOS,TRUE,1043,
MEL,B.W.,TRUE,1044,
MEL,BARTLETT,FALSE,1044,
MEL,BARTLETT W.,FALSE,1044,
MELLSTROM,JEFF,TRUE,1045,
MELTON,MATT,TRUE,1046,
MENZEL,WOLFRAM,TRUE,1047,
MERZ,CHRISTOPHER J.,TRUE,1048,
MERZENICH,MICHAEL M.,TRUE,1049,
MESIROV,JILL P.,TRUE,1050,
MESTERHARM,CHRIS,TRUE,1051,
METCALFE,JANET,TRUE,1052,
METZ,CHRISTOPHER J.,TRUE,1053,
METZNET,WALTER,TRUE,1054,
MEYER-BAESE,A.,TRUE,1055,
MHASKAR,H. N.,TRUE,1056,
MICCHELLI,C. A.,TRUE,1057,
MICHEL,A. N.,TRUE,1058,
MIGHELL,DOROTHY A.,TRUE,1059,
MIHATSCH,OLIVER,TRUE,1060,
MIIKKULAINEN,R.,TRUE,1061,
MIIKKULAINEN,RISTO,FALSE,1061,
MIKA,SEBASTIAN,TRUE,1062,
MILGRAM,MAURICE,TRUE,1063,
MILITO,RODOLFO,TRUE,1064,
MILLER,C.B.,TRUE,1065,
MILLER,DAVID J.,FALSE,1065,1
MILLER,JOHN P.,FALSE,1065,1
MILLER,JOHN W.,FALSE,1065,1
MILLER,KENNETH D.,FALSE,1065,1
MILLER,MICHAEL I.,FALSE,1065,1
MILLER,O.,FALSE,1065,1
MILLER,THOMAS K.,FALSE,1065,1
MILLER,W.,FALSE,1065,1
MILLER,W. THOMAS,FALSE,1065,
MILLLET,KLAUS-ROBERT,TRUE,1066,
MILLMAN,K. JARROD,TRUE,1067,
MILOSTAN,JEANNE C.,TRUE,1068,
MILTON,JOHN G.,TRUE,1069,
MIMS,STEVE,TRUE,1070,
MINAI,ALI A.,TRUE,1071,
MINCH,BRADLEY A.,TRUE,1072,
MINEIRO,PAUL,TRUE,1073,
MINGOLLA,ENNIO,TRUE,1074,
MIRANKER,WILLARD,TRUE,1075,
MITCHELL,MELANIE,TRUE,1076,
MITCHELL,T.,FALSE,1076,1
MITCHELL,TOM M.,FALSE,1076,
MIYAKE,SEI,TRUE,1077,
MIYAMOTO,MASAYUKI,TRUE,1078,
MIYATA,YOSHIRO,TRUE,1079,
MJOLSNESS,E.,TRUE,1080,
MJOLSNESS,ERIC,FALSE,1080,
MOGHADDAM,BABACK,TRUE,1081,
MOLL,ROBERT,TRUE,1082,
MOLLER,KNUT,TRUE,1083,
MONACO,JEFFREY E,TRUE,1084,
MONTAGUE,P. R.,TRUE,1085,
MONTAGUE,P. READ,FALSE,1085,
MONTANA,DAVID,TRUE,1086,
MONTGOMERY,DON,TRUE,1087,
MONTI,STEFANO,TRUE,1088,
MOODY,J.,TRUE,1089,
MOODY,JOHN,FALSE,1089,
MOODY,JOHN E.,FALSE,1089,
MOON,KEVIN J.,TRUE,1090,
MOONEY,RAYMOND J.,TRUE,1091,
MOOPENN,A.,TRUE,1092,
MOOPENN,ALEXANDER,FALSE,1092,
MOORE,A.W.,TRUE,1093,
MOORE,ANDREW,FALSE,1093,
MOORE,ANDREW W.,FALSE,1093,
MOORE,PATRICK,FALSE,1093,1
MORCINIEC,MICHAL,TRUE,1094,
MORGAN,N.,TRUE,1095,
MORGAN,NELSON,FALSE,1095,
MORI,YOSHIHIRO,TRUE,1096,
MORIMOTO,T.,TRUE,1097,
MORPURGO,ANNA,TRUE,1098,
MORRIS,RICHARD G. M.,TRUE,1099,
MORRIS,TONIA G.,FALSE,1099,1
MOSS,E,TRUE,1100,
MOSS,ELIOT,FALSE,1100,
MOSS,FRANK,FALSE,1100,1
MOTEAU,YVES,TRUE,1101,
MOVELLAN,JAVIER,TRUE,1102,
MOVELLAN,JAVIER R.,FALSE,1102,
MOVSHON,J. ANTHONY,TRUE,1103,
MOZER,MICHAEL,TRUE,1104,
MOZER,MICHAEL C.,FALSE,1104,
MUELLER,K.,TRUE,1105,
MUELLER,PAUL,FALSE,1105,1
MUKHERJEE,SAYAN,TRUE,1106,
MUKHERJEE,SAYANDEV,FALSE,1106,
MULLER,KLAUS-R.,TRUE,1107,
MULLER,KLAUS-ROBERT,FALSE,1107,
MULLER,URS A.,FALSE,1107,1
MUMTA,NOBORU,TRUE,1108,
MUNDEL,TREVOR,TRUE,1109,
MUNOS,REMI,TRUE,1110,
MUNRO,P.W.,TRUE,1111,
MUNRO,PAUL,FALSE,1111,
MUNRO,PAUL W.,FALSE,1111,
MURATA,N.,TRUE,1112,
MURATA,NOBORU,FALSE,1112,
MURAYAMA,TATSUTO,TRUE,1113,
MURPHY,KEVIN P.,TRUE,1114,
MURPHY,SEAN D.,FALSE,1114,1
MURRAY,A. F.,TRUE,1115,
MURRAY,A.F.,FALSE,1115,
MURRAY,ALAN,FALSE,1115,
MURRAY,ALAN E,FALSE,1115,
MURRAY,ALAN F.,FALSE,1115,
MURRAY,MICHAEL,FALSE,1115,1
MURRAY-SMITH,RODERICK,TRUE,1116,
MUSSA-IVALDI,FERDINANDO A.,TRUE,1117,
MUSSA-LVALDI,FERDINANDO,TRUE,1118,
MUTHUSAMY,YESHWANT,TRUE,1119,
MUTHUSAMY,YESHWANT K.,FALSE,1119,
MUTZ,DARREN,TRUE,1120,
MYERS,CATHERINE E.,TRUE,1121,
NABET,BAHRAM,TRUE,1122,
NABNEY,IAN T.,TRUE,1123,
NACHTIGALL,PAUL,TRUE,1124,
NADAL,J. P,TRUE,1125,
NADAL,JEAN-PIERRE,FALSE,1125,
NADEAU,CLAUDE,TRUE,1126,
NAFTALY,URY,TRUE,1127,
NAILLON,MARTINE,TRUE,1128,
NAJAFI,HOSSEIN L.,TRUE,1129,
NAKAHARA,H.,TRUE,1130,
NAKAHARA,HIROYUKI,FALSE,1130,
NAKAI,T.,TRUE,1131,
NAKANO,RYOHEI,TRUE,1132,
NAKASHIMA,MICHIO,TRUE,1133,
NEAL,RADFORD M.,TRUE,1134,
NEGISHI,MICHIRO,TRUE,1135,
NELSON,ALEX T.,TRUE,1136,
NELSON,MARK E.,FALSE,1136,1
NELSON,SACHA B.,FALSE,1136,1
NEUGEBAUER,CHARLES E,TRUE,1137,
NEUKIRCHEN,C.,TRUE,1138,
NEUKIRCHEN,CTUISTOPH,FALSE,1138,
NEUMANN,HEIKO,TRUE,1139,
NEUNEIER,R.,TRUE,1140,
NEUNEIER,RALPH,FALSE,1140,
NG,ANDREW Y.,TRUE,1141,
NG,KENNEY,FALSE,1141,1
NIEBUR,E.,TRUE,1142,
NIEBUR,ERNST,FALSE,1142,
NIRANJAN,M.,TRUE,1143,
NIRANJAN,MAHESAN,FALSE,1143,
NISSMAN,DANIEL,TRUE,1144,
NIX,DAVID,TRUE,1145,
NIX,DAVID A.,FALSE,1145,
NIYOGI,PARTHA,TRUE,1146,
NODA,HIDEKI,TRUE,1147,
NOEST,ANDRE J.,TRUE,1148,
NOETZEL,ANDREW S.,TRUE,1149,
NOHL,C.,TRUE,1150,
NOHL,CRAIG R.,FALSE,1150,
NOORDEWIER,MICHIEL,TRUE,1151,
NORMAN,KENNETH A.,TRUE,1152,
NORTH,BEN,TRUE,1153,
NOWLAN,STEVEN,TRUE,1154,
NOWLAN,STEVEN J.,FALSE,1154,
NUCCI,ADAM J.,TRUE,1155,
NUNEZ,FERNANDO J.,TRUE,1156,
O'KEEFE,JOHN,TRUE,1157,
O'REILLY,RANDALL C.,TRUE,1158,
OBERMAYER,K.,TRUE,1159,
OBERMAYER,KLAUS,FALSE,1159,
OBRADOVIC,ZORAN,TRUE,1160,
OFTAWAY,MARY B.,TRUE,1161,
OGAWA,HIDEMITSU,TRUE,1162,
OH,JONG-HOON,TRUE,1163,
OH,SEHO,FALSE,1163,1
OHIRA,TOM,TRUE,1164,
OHIRA,TORU,FALSE,1164,1
OHL,F.,TRUE,1165,
OHMI,T.,TRUE,1166,
OHMI,TADAHIRO,FALSE,1166,
OJA,ERKKI,TRUE,1167,
OKAMOTO,TOSHIAKI,TRUE,1168,
OLAMI,ZEEV,TRUE,1169,
OLIVEIRA,ARLINDO L.,TRUE,1170,
OLIVER,NURIA,TRUE,1171,
OLLILA,MARK,TRUE,1172,
OLSHAUSEN,BRUNO A.,TRUE,1173,
OMIDVAR,MASSOUD,TRUE,1174,
OMOHUNDRO,S.M.,TRUE,1175,
OMOHUNDRO,STEPHEN,FALSE,1175,
OMOHUNDRO,STEPHEN M.,FALSE,1175,
ONODA,TAKASHI,TRUE,1176,
OPITZ,D.W.,TRUE,1177,
OPPER,MANFRED,TRUE,1178,
OPTICAN,LANCE M.,TRUE,1179,
ORLITSKY,A.,TRUE,1180,
ORMONEIT,D.,TRUE,1181,
ORMONEIT,DIRK,FALSE,1181,
ORPONEN,PEKKA,TRUE,1182,
ORR,GENEVIEVE B.,TRUE,1183,
ORSAK,GEOFFREY,TRUE,1184,
OSHIMA-TAKANE,YURIKO,TRUE,1185,
OSTERBERG,MATS,TRUE,1186,
OSTERHOLTZ,LOUISE,TRUE,1187,
OWEN,W.,TRUE,1188,
OYAMA,EIMEI,TRUE,1189,
OZAKI,H.,TRUE,1190,
PAASS,GERHARD,TRUE,1191,
PADGETT,CURTIS,TRUE,1192,
PAGE,EDWARD W.,TRUE,1193,
PAL,I.,TRUE,1194,
PALM,GFINTHER,TRUE,1195,
PAN,H.,TRUE,1196,
PANIZZA,SANDRA,TRUE,1197,
PAPKA,RON,TRUE,1198,
PAPPU,S.,TRUE,1199,
PAPPU,SUGUNA,FALSE,1199,
PARBERRY,IAN,TRUE,1200,
PAREIGIS,STEPHAN,TRUE,1201,
PARFITT,SHAN,TRUE,1202,
PARGA,NESTOR,TRUE,1203,
PARIS,BERND-PETER,TRUE,1204,
PARKER,DAVID B.,TRUE,1205,
PARMANTO,B.,TRUE,1206,
PARMANTO,BARNBANG,FALSE,1206,
PARR,RONALD,TRUE,1207,
PARRA,L.C.,TRUE,1208,
PARRA,LUCAS,FALSE,1208,
PARRA,LUCAS C.,FALSE,1208,
PASERO,E.,TRUE,1209,
PASZTOR,EGON C.,TRUE,1210,
PATEL,GIRISH N.,TRUE,1211,
PATI,Y.C.,TRUE,1212,
PAUGAM-MOISY,HELENE,TRUE,1213,
PAULIN,MICHAEL G.,TRUE,1214,
PAVEL,M.,TRUE,1215,
PAVEL,MISHA,FALSE,1215,
PAWELZIK,K.,TRUE,1216,
PAWELZIK,KLAUS,FALSE,1216,
PAWELZIK,KLAUS R.,FALSE,1216,
PAZZANI,MICHAEL J.,TRUE,1217,
PEALERSEN,M.W.,TRUE,1218,
PEARLMUTTER,B.A.,TRUE,1219,
PEARLMUTTER,BARAK,FALSE,1219,
PEARLMUTTER,BARAK A.,FALSE,1219,
PEARSON,J.C.,TRUE,1220,
PEARSON,JOHN,FALSE,1220,
PEARSON,JOHN C.,FALSE,1220,
PEARSON,R.A.,FALSE,1220,1
PEDERSEN,MOTTEN,TRUE,1221,
PEDRONI,VOLNEI,TRUE,1222,
PELILLO,MARCELLO,TRUE,1223,
PENNER,RALPH,TRUE,1224,
PENNEY,R. W.,TRUE,1225,
PENTLAND,A.,TRUE,1226,
PENTLAND,ALEX,FALSE,1226,
PENTLAND,ALEX P.,FALSE,1226,
PEPER,FERDINAND,TRUE,1227,
PEREIRA,RICARDO A. MARQUES,TRUE,1228,
PERERA,A. G. U.,TRUE,1229,
PERKINS,THEODORE J.,TRUE,1230,
PERONA,PIETRO,TRUE,1231,
PERRONE,MICHAEL P.,TRUE,1232,
PERRY,JOHN,TRUE,1233,
PERSONNAZ,L.,TRUE,1234,
PERSONNAZ,LEON,FALSE,1234,
PERSONNAZ,LFION,FALSE,1234,
PESSOA,L.,TRUE,1235,
PETEK,BOJAN,TRUE,1236,
PETERSEN,STEFFEN,TRUE,1237,
PETERSON,ALLEN M.,TRUE,1238,
PETERSON,JAMES K.,FALSE,1238,1
PETERSON,R.M.,FALSE,1238,1
PETERSON,R.S.,FALSE,1238,1
PETSCHE,THOMAS,TRUE,1239,
PETSEHE,T.,TRUE,1240,
PEZARIS,JOHN S.,TRUE,1241,
PHAN,TAN,TRUE,1242,
PHILLIPS,MICHAEL,TRUE,1243,
PHILLIPS,P. JONATHON,FALSE,1243,1
PICHE,STEPHEN,TRUE,1244,
PICKARD,S.,TRUE,1245,
PICKARD,STEPHEN,FALSE,1245,
PIEPENBROCK,CHRISTIAN,TRUE,1246,
PIERACCINI,ROBERTO,TRUE,1247,
PINEDA,FERNANDO,TRUE,1248,
PINEDA,FERNANDO J.,FALSE,1248,
PINKAS,GADI,TRUE,1249,
PINTER,ROBERT B.,TRUE,1250,
PITTMAN,JAMES,TRUE,1251,
PITTMAN,JAMES A.,FALSE,1251,
PLATE,TONY,TRUE,1252,
PLATE,TONY A.,FALSE,1252,
PLATT,J.C.,TRUE,1253,
PLATT,JOHN,FALSE,1253,
PLATT,JOHN C.,FALSE,1253,
PLUTOWSKI,MARK,TRUE,1254,
POGGIO,TOMASO,TRUE,1255,
POGGIO,TOMASO A.,FALSE,1255,
POIRAZI,PANAYIOTA,TRUE,1256,
POLIFRONI,JOSEPH,TRUE,1257,
POLLACK,JORDAN,TRUE,1258,
POLLACK,JORDAN B.,FALSE,1258,
POMERLEAU,DEAN,TRUE,1259,
POMERLEAU,DEAN A.,FALSE,1259,
PONG,TING-CHUEN,TRUE,1260,
POROD,W.,TRUE,1261,
POSTMA,ERIC,TRUE,1262,
POTTER,DANIEL,TRUE,1263,
POUGET,A.,TRUE,1264,
POUGET,ALEXANDRE,FALSE,1264,
POULIOT,YANNICK,TRUE,1265,
POULIQUEN,PHILIPPE O.,TRUE,1266,
PRANK,KLAUS,TRUE,1267,
PRASAD,K. VENKATESH,TRUE,1268,
PRATT,HILLEL,TRUE,1269,
PRATT,L. Y.,FALSE,1269,1
PRATT,LORIEN Y.,FALSE,1269,
PRECUP,DOINA,TRUE,1270,
PRESCOTT,TONY J.,TRUE,1271,
PRICE,DAVID,TRUE,1272,
PRIEL,AVNER,TRUE,1273,
PRINCIPE,JOSE,TRUE,1274,
PRINCIPE,JOSE C.,FALSE,1274,
PRINTZ,HARRY,TRUE,1275,
PROKOPOWICZ,PETER N.,TRUE,1276,
PRTIGEL-BENNETT,ADAM,TRUE,1277,
PSALTIS,DEMETR,TRUE,1278,
PSALTIS,DEMETRI,FALSE,1278,1
PU,CHIANG-JUNG,TRUE,1279,
PUFF,R.D.,TRUE,1280,
PUZICHA,JAN,TRUE,1281,
QAZAZ,CAZHAOW S.,TRUE,1282,
QUEK,FRANCIS,TRUE,1283,
QUOY,MATHIAS,TRUE,1284,
RAE,H. C.,TRUE,1285,
RAGG,THOMAS,TRUE,1286,
RAHIM,MAZIN,TRUE,1287,
RAMACHANDRAN,SOWMYA,TRUE,1288,
RAMANUJAM,NIRMALA,TRUE,1289,
RANDLOV,JETTE,TRUE,1290,
RANGARAJAN,A.,TRUE,1291,
RANGARAJAN,ANAND,FALSE,1291,
RAO,A.,TRUE,1292,
RAO,R.P.N.,FALSE,1292,1
RAO,RAJESH,FALSE,1292,
RAO,RAJESH P. N.,FALSE,1292,
RAO,RAJESH P.N.,FALSE,1292,
RAPPELSBERGER,PETER,TRUE,1293,
RASHID,MOSFEQ,TRUE,1294,
RASMUSSEN,C.E.,TRUE,1295,
RASMUSSEN,CARL E.,FALSE,1295,
RASNOW,BRIAN,TRUE,1296,
RATSABY,JOEL,TRUE,1297,
RATSCH,GUNNAR,TRUE,1298,
RATTRAY,MAGNUS,TRUE,1299,
RAUSCHECKER,JOSEF P.,TRUE,1300,
RAVINDRAN,B.,TRUE,1301,
RAY,W. HARMON,TRUE,1302,
RAYSZ,JEAN,TRUE,1303,
REBOTIER,T.,TRUE,1304,
RECCE,MICHAEL,TRUE,1305,
REDDING,NICHOLAS J.,TRUE,1306,
REEKIE,H. MARTIN,TRUE,1307,
REEVES,DOUG,TRUE,1308,
REGGIA,JAMES A.,TRUE,1309,
REHFUSS,S.,TRUE,1310,
REIFSNIDER,ERIC S.,TRUE,1311,
REILLY,DOUGLAS L.,TRUE,1312,
REITMAN,EDWARD,TRUE,1313,
REKLAITIS,GINTAMS V.,TRUE,1314,
RENALS,STEVE,TRUE,1315,
RENART,ALFONSO,TRUE,1316,
RENAUD-LEMASSON,SYLVIE,TRUE,1317,
REVOW,M.,TRUE,1318,
REVOW,MICHAEL D.,FALSE,1318,
REXLISH,A.D.,TRUE,1319,
RHODES,PAUL,TRUE,1320,
RICHARDS-KORTUM,REBECCA,TRUE,1321,
RICHARDSON,TOM J.,TRUE,1322,
RICHMOND,BARRY J.,TRUE,1323,
RICKARD,SCOTT,TRUE,1324,
RIEDMILLER,MARTIN,TRUE,1325,
RIEKE,FRED,TRUE,1326,
RIESENHUBER,MAXIMILIAN,TRUE,1327,
RIGOLL,G.,TRUE,1328,
RIGOLL,GERHARD,FALSE,1328,
RIIS,S.K.,TRUE,1329,
RINBERG,DMITRY,TRUE,1330,
RING,MARK,TRUE,1331,
RINOTT,YOSEF,TRUE,1332,
RISAU-GUSMAN,SEBASTIAN,TRUE,1333,
RITCEY,JAMES A.,TRUE,1334,
RITTER,H.,TRUE,1335,
RITZMANN,R.E.,TRUE,1336,
RIVEST,RON L.,TRUE,1337,
RIVEST,RONALD L.,FALSE,1337,
RIVEST,RONALD.,FALSE,1337,
ROBEL,ALEX,TRUE,1338,
ROBINSON,A. J.,TRUE,1339,
ROBINSON,A.J.,FALSE,1339,
ROBINSON,DAVID A.,FALSE,1339,1
ROBINSON,TONY,FALSE,1339,1
RODRIGUEZ,ANDRES,TRUE,1340,
RODRIGUEZ,F. B.,FALSE,1340,1
RODRIGUEZ,PAUL,FALSE,1340,1
ROGERS,DAVID,TRUE,1341,
ROGINSKI,KRIST,TRUE,1342,
ROGNVALDSSON,THORSTEINN S.,TRUE,1343,
ROHWER,RICHARD,TRUE,1344,
ROITBLAT,HERBERT,TRUE,1345,
ROITERSHTEIN,ALEXANDER,TRUE,1346,
ROKNI,URI,TRUE,1347,
ROLLS,EDMUND T.,TRUE,1348,
RON,DANA,TRUE,1349,
ROSARIO,BARBARA,TRUE,1350,
ROSCA,JUSTINIAN,TRUE,1351,
ROSCHEISEN,MARTIN,TRUE,1352,
ROSE,K.,TRUE,1353,
ROSE,M. J.,FALSE,1353,1
ROSEN,BRACE,TRUE,1354,
ROSEN,BRUCE E.,FALSE,1354,1
ROSEN,DANIEL J.,FALSE,1354,1
ROSEN,DAVID B.,FALSE,1354,1
ROSENBERG,CHARLES,TRUE,1355,
ROSENFELD,RONALD,TRUE,1356,
ROSENHOLTZ,RUTH,TRUE,1357,
ROSS,W.,TRUE,1358,
ROSSEN,MICHAEL,TRUE,1359,
ROTH,DAN,TRUE,1360,
ROTH,VOLKER,FALSE,1360,1
ROWAT,PETER F.,TRUE,1361,
ROWEIS,SAM,TRUE,1362,
ROWEIS,SAM T.,FALSE,1362,
ROWLEY,H.A.,TRUE,1363,
ROY,B.V.,TRUE,1364,
ROY,NICHOLAS,FALSE,1364,1
ROYCHOWDHURY,V. P.,TRUE,1365,
ROYCHOWDHURY,V.P.,FALSE,1365,
ROYCHOWDHURY,VWANI,FALSE,1365,
ROYCHOWDHURY,VWANI P.,FALSE,1365,
RUANAIDH,JOSEPH O.,TRUE,1366,
RUBIN,MARK A.,TRUE,1367,
RUDERMAN,DANIEL,TRUE,1368,
RUDERMAN,DANIEL L.,FALSE,1368,
RUDOLPH,FRANKLIN J.,TRUE,1369,
RUDRA,ARCHISMART,TRUE,1370,
RUEGET,S.M.,TRUE,1371,
RUMELHART,DAVID,TRUE,1372,
RUMELHART,DAVID E.,FALSE,1372,
RUPPIN,EYTAN,TRUE,1373,
RUSMEVICHIEMONG,PAAT,TRUE,1374,
RUSSELL,SMART,TRUE,1375,
RYAN,JAKE,TRUE,1376,
RYCKEBUSCH,SYLVIE,TRUE,1377,
RYMER,W. ZEV,TRUE,1378,
SAAD,D.,TRUE,1379,
SAAD,DAVID,FALSE,1379,
SABATINI,SILVIO P.,TRUE,1380,
SABES,P.N.,TRUE,1381,
SABISCH.,T.,TRUE,1382,
SACKINGER,EDUARD,TRUE,1383,
SAFFELL,MATTHEW,TRUE,1384,
SAFFMAN,MARK,TRUE,1385,
SAHA,AVIJIT,TRUE,1386,
SAHANI,MANEESH,TRUE,1387,
SAHAR,S.,TRUE,1388,
SAHAR-PIKIELNY,CARREIT,TRUE,1389,
SAITO,HIROAKI,TRUE,1390,
SAITO,KAZUMI,FALSE,1390,1
SAJDA,PAUL,TRUE,1391,
SAKAI,KO,TRUE,1392,
SAKATA,SHINICHI,TRUE,1393,
SAKURAI,AKITO,TRUE,1394,
SALEHI,JAWAD A.,TRUE,1395,
SALLANS,BRIAN,TRUE,1396,
SALU,YEHUDA,TRUE,1397,
SAMAD,TARIG,TRUE,1398,
SAMALAM,VIJAY,TRUE,1399,
SAMUELIDES,MANUEL,TRUE,1400,
SAN MARTIN,A. MIGUEL,TRUE,1401,
SANGER,TERENCE,TRUE,1402,
SANGER,TERENCE D.,FALSE,1402,
SANGIOVANNI-VINCENTELLI,A.,TRUE,1403,
SANGIOVANNI-VINCENTELLI,ALBERTO,FALSE,1403,
SANTOS,EUGENE,TRUE,1404,
SANTOSO,I.,TRUE,1405,
SARPESHKAR,RAHUL,TRUE,1406,
SATO,A.,TRUE,1407,
SATO,MASA-AKI,FALSE,1407,1
SATO,YUZURU,FALSE,1407,1
SATYANARAYANA,SRINAGESH,TRUE,1408,
SAUL,L.K.,TRUE,1409,
SAUL,LAWRENCE,FALSE,1409,
SAUL,LAWRENCE K.,FALSE,1409,
SAUND,ERIC,TRUE,1410,
SAUNDERS,GREGORY M.,TRUE,1411,
SAYED,ALI H.,TRUE,1412,
SCHAAL,S.,TRUE,1413,
SCHAAL,STEFAN,FALSE,1413,
SCHAEFERS,CHRISTOPH,TRUE,1414,
SCHAPIRE,ROBERT,TRUE,1415,
SCHAPIRE,ROBERT E.,FALSE,1415,
SCHEEFF,DAVID,TRUE,1416,
SCHEICH,H.,TRUE,1417,
SCHENKEL,M.,TRUE,1418,
SCHENKEL,MARKUS,FALSE,1418,
SCHFITZE,HINRICH,TRUE,1419,
SCHIEGL,INGO,TRUE,1420,
SCHIMERT,JIM,TRUE,1421,
SCHLEY,CHARLES,TRUE,1422,
SCHMIDBAUER,OTTO,TRUE,1423,
SCHMIDHUBER,JUERGEN,TRUE,1424,
SCHMIDHUBER,JURGEN,FALSE,1424,-1
SCHMITT,MICHAEL,TRUE,1425,
SCHNEIDER,J.,TRUE,1426,
SCHNEIDER,JEFF G.,FALSE,1426,
SCHNEIDMAN,ELAD,TRUE,1427,
SCHNELL,ERIC,TRUE,1428,
SCHNITGER,GEORG,TRUE,1429,
SCHOFL,CHRISTOF,TRUE,1430,
SCHOLKOPF,B.,TRUE,1431,
SCHOLKOPF,BERNHARD,FALSE,1431,
SCHOLZ,MATTHIAS,TRUE,1432,
SCHONER,HOLGER,TRUE,1433,
SCHOTTKY,BERNHARD,TRUE,1434,
SCHOUTEN,JAAP C.,TRUE,1435,
SCHRAUDOLPH,N.N.,TRUE,1436,
SCHRAUDOLPH,NICOL,FALSE,1436,
SCHRAUDOLPH,NICOL N.,FALSE,1436,
SCHREINER,C.E.,TRUE,1437,
SCHREINER,CHRISTOPH E.,FALSE,1437,
SCHULING,F. H.,TRUE,1438,
SCHULTE,MIRIAM,TRUE,1439,
SCHULTEN,K.,TRUE,1440,
SCHULTEN,KLAUS,FALSE,1440,
SCHUSTER,HEINZ,TRUE,1441,
SCHUSTER,MIKE,FALSE,1441,1
SCHUURMANS,DALE,TRUE,1442,
SCHWABE,LARS,TRUE,1443,
SCHWABER,JAMES S.,TRUE,1444,
SCHWARTZ,ANTON,TRUE,1445,
SCHWARTZ,D.B.,FALSE,1445,1
SCHWARTZ,DANIEL,FALSE,1445,
SCHWARTZ,DANIEL B.,FALSE,1445,
SCHWARTZ,EDWARD,FALSE,1445,1
SCHWARTZ,ODELIA,FALSE,1445,1
SCHWARTZ,R.,FALSE,1445,1
SCHWARTZ,RICHARD,FALSE,1445,
SCHWARZE,H.,TRUE,1446,
SCHWARZE,HOLM,FALSE,1446,
SCHWEGLER,HELMUT,TRUE,1447,
SCHWENK,HOLGER,TRUE,1448,
SCOFIELD,CHRISTOPHER L.,TRUE,1449,
SCOTT,GARY M.,TRUE,1450,
SEEGER,MATTHIAS,TRUE,1451,
SEGEV,IDAN,TRUE,1452,
SEIBERT,MICHAEL,TRUE,1453,
SEINENOV,S.A.,TRUE,1454,
SEJNOWSKI,T. J.,TRUE,1455,
SEJNOWSKI,T.J.,FALSE,1455,
SEJNOWSKI,TERRENCE,FALSE,1455,
SEJNOWSKI,TERRENCE J.,FALSE,1455,
SELVERSTON,ALLEN I.,TRUE,1456,
SENEFT,STEPHANIE,TRUE,1457,
SENIOR,A.,TRUE,1458,
SERENO,MARGARET,TRUE,1459,
SERENO,MARTIN,FALSE,1459,1
SERENO,MARTIN I.,FALSE,1459,
SERGEJEW,A.,TRUE,1460,
SERRANO-GOTARREDONA,T.,TRUE,1461,
SERVAN-SCHREIBER,DAVID,TRUE,1462,
SEUNG,H. S.,TRUE,1463,
SEUNG,H. SEBASTIAN,FALSE,1463,
SEUNG,H.S.,FALSE,1463,
SHADMEHR,REZA,TRUE,1464,
SHAH,ROOPAK,TRUE,1465,
SHAHIAN,DAVID,TRUE,1466,
SHAMIR,ELI,TRUE,1467,
SHAPIRO,JONATHAN L.,TRUE,1468,
SHARMA,RAVI K.,TRUE,1469,
SHASHUA,AMNON,TRUE,1470,
SHATZ,CARLA J.,TRUE,1471,
SHAVLIK,J.W.,TRUE,1472,
SHAVLIK,JUDE,FALSE,1472,
SHAVLIK,JUDE W.,FALSE,1472,
SHAWE-TAYLOR,J.,TRUE,1473,
SHAWE-TAYLOR,JOHN,FALSE,1473,
SHEMNGTON,D.,TRUE,1474,
SHEPANSKI,J. F.,TRUE,1475,
SHEPARD,ROGER,TRUE,1476,
SHERRINGTON,D.,TRUE,1477,
SHI,BERTRAM E.,TRUE,1478,
SHIBATA,T.,TRUE,1479,
SHIBATA,TADASHI,FALSE,1479,
SHIN,SANG-YUNG,TRUE,1480,
SHIONO,SATORU,TRUE,1481,
SHOUVAL,HAREL,TRUE,1482,
SHULTZ,THOMAS,TRUE,1483,
SHULTZ,THOMAS R.,FALSE,1483,
SHUSTOROVICH,A.,TRUE,1484,
SHUVALOVA,LB.,TRUE,1485,
SIAPAS,ATHANASSIOS,TRUE,1486,
SIEGEL,MICAH S.,TRUE,1487,
SIEGEL,RALPH M.,FALSE,1487,1
SIEGELMANN,HAVA T.,TRUE,1488,
SILL,JOSEPH,TRUE,1489,
SILVERMAN,RONALD H.,TRUE,1490,
SIMARD,PATRICE,TRUE,1491,
SIMARD,PATRICE Y.,FALSE,1491,
SIMMONS,JAMES A.,TRUE,1492,
SIMONCELLI,EERO P.,TRUE,1493,
SIN,C.K.,TRUE,1494,
SINGER,ALEXANDER,TRUE,1495,
SINGER,ELLIOT,FALSE,1495,1
SINGER,Y.,FALSE,1495,1
SINGER,YORAM,FALSE,1495,
SINGH,S.P.,TRUE,1496,
SINGH,SATINDER,FALSE,1496,
SINGH,SATINDER P.,FALSE,1496,
SINGHAL,SHARAD,TRUE,1497,
SIPPER,MOSHE,TRUE,1498,
SIROSH,J.,TRUE,1499,
SIROSH,JOSEPH,FALSE,1499,
SITARAMEN,R.,TRUE,1500,
SITTON,MARK,TRUE,1501,
SIU,K.Y.,TRUE,1502,
SIU,KAI-YEUNG,FALSE,1502,
SIVILOTTI,MASSIMO,TRUE,1503,
SKAGGS,WILLIAM,TRUE,1504,
SKAGGS,WILLIAM E.,FALSE,1504,
SKANTZOS,N. S.,TRUE,1505,
SKINNER,STEVEN R.,TRUE,1506,
SKRZYPEK,JOSEF,TRUE,1507,
SLANEY,MALCOLM,TRUE,1508,
SLOBODA,TILO,TRUE,1509,
SLONIM,NOAM,TRUE,1510,
SMIMAKIS,STELIOS M.,TRUE,1511,
SMITH,ANTHONY V. W.,TRUE,1512,
SMITH,GAVIN,FALSE,1512,1
SMITH,KURT R.,FALSE,1512,1
SMITH,L.S.,FALSE,1512,1
SMITH,MIKE E. U.,FALSE,1512,1
SMITHERS,TIM,TRUE,1513,
SMOLA,ALEX,TRUE,1514,
SMOLA,ALEX J.,FALSE,1514,
SMOLA,ALEXANDER J.,FALSE,1514,
SMOLENSKY,PAUL,TRUE,1515,
SMOTROFF,IRA G.,TRUE,1516,
SMYTH,PADHRAIC,TRUE,1517,
SMYTHE,ERICH J.,TRUE,1518,
SNAPP,R.R.,TRUE,1519,
SNAPP,ROBERT,FALSE,1519,
SNYDER,WESLEY,TRUE,1520,
SNYDER,WESLEY E.,FALSE,1520,
SO,D. S.C.,TRUE,1521,
SOCCI,NICHOLAS D.,TRUE,1522,
SOFTKY,W.R.,TRUE,1523,
SOFTKY,WILLIAM R.,FALSE,1523,
SOLARI,FABIO,TRUE,1524,
SOLLA,S.A.,TRUE,1525,
SOLLA,SARA,FALSE,1525,
SOLLA,SARA A.,FALSE,1525,
SOLLICH,P.,TRUE,1526,
SOLLICH,PETER,FALSE,1526,
SOLODOV,M. V.,TRUE,1527,
SOMERS,DAVID,TRUE,1528,
SOMMER,GERALD,TRUE,1529,
SOMMEX,FRIEDRICH T.,TRUE,1530,
SOMPOLINSKI,HAIM,TRUE,1531,
SOMPOLINSKY,HAIM,TRUE,1532,-1
SONA,DIEGO,TRUE,1533,
SONG,SEN,TRUE,1534,
SONG,XUBO,FALSE,1534,1
SONG,XUBO B.,FALSE,1534,
SONTAG,E.D.,TRUE,1535,
SONTAG,EDUARDO,FALSE,1535,
SONTAG,EDUARDO D.,FALSE,1535,
SORHEIM,EINAR,TRUE,1536,
SOUKUP,TODD,TRUE,1537,
SPANGLER,RANDALL R.,TRUE,1538,
SPECTOR,KALANIT GRILL,TRUE,1539,
SPENCE,C.D.,TRUE,1540,
SPENCE,CLAY,FALSE,1540,
SPENCE,CLAY D.,FALSE,1540,
SPERDUTI,ALESSANDRO,TRUE,1541,
SROKA,JASON,TRUE,1542,
STAFYLOPATIS,ANDREAS,TRUE,1543,
STAHLBERGER,ACHIM,TRUE,1544,
STANDLEY,D. L.,TRUE,1545,
STANTON,PATRIC K.,TRUE,1546,
STARITA,ANTONINA,TRUE,1547,
STECHERT,ANDRE,TRUE,1548,
STECK,JAMES E.,TRUE,1549,
STEEG,EVAN,TRUE,1550,
STEFANOVIC,DARKO,TRUE,1551,
STEIN,CHARLES,TRUE,1552,
STEINHAGE,VOLKER,TRUE,1553,
STEINMETZ,PETER N.,TRUE,1554,
STEMMLER,MARTIN,TRUE,1555,
STENSMO,MAGNUS,TRUE,1556,
STERLING,LEON S.,TRUE,1557,
STERN,EDWARD,TRUE,1558,
STETTER,MARTIN,TRUE,1559,
STEVENS,C.,TRUE,1560,
STEVENS,CATHERINE,FALSE,1560,
STEVENS,CHARLES F.,FALSE,1560,1
STOCKER,ALAN,TRUE,1561,
STOLCKE,ANDREAS,TRUE,1562,
STOLORZ,PAUL,TRUE,1563,
STONE,P.,TRUE,1564,
STONICK,VIRGINIA L.,TRUE,1565,
STORK,DAVID,TRUE,1566,
STORK,DAVID G.,FALSE,1566,
STORNETTA,W. SCOTT,TRUE,1567,
STREET,W. N.,TRUE,1568,
STREILEIN,WILLIAM W.,TRUE,1569,
STRYKER,MICHAEL P.,TRUE,1570,
SUAREZ,HUMBERT,TRUE,1571,
SUDBRAK,TH.,TRUE,1572,
SUEMATSU,NOBUO,TRUE,1573,
SUGIYAMA,MASASHI,TRUE,1574,
SULLIVAN,W.E.,TRUE,1575,
SUMIDA,RONALD A.,TRUE,1576,
SUN,G. Z.,TRUE,1577,
SUN,G.Z.,FALSE,1577,
SUN,GUO-ZHEN,FALSE,1577,
SUN,GUO-ZHENG,FALSE,1577,
SUNDARARAJAN,S.,TRUE,1578,
SUNDARESWARAN,V.,TRUE,1579,
SUNG,KAH KAY,TRUE,1580,
SUTTON,JEFFREY P.,TRUE,1581,
SUTTON,R.S.,FALSE,1581,
SUTTON,RICHARD,FALSE,1581,
SUTTON,RICHARD S.,FALSE,1581,
SUZUKI,HISASHI,TRUE,1582,
SUZUKI,RYOJI,FALSE,1582,1
SUZUKI,SATOSHI,FALSE,1582,1
SVENSEN,M.,TRUE,1583,
SVENSEN,MARKUS,FALSE,1583,
SVERDLOVE,RONALD,TRUE,1584,
SYDORENKO,MARK. R,TRUE,1585,
SYKACEK,PETER,TRUE,1586,
SZEPESVFIXI,CSABA,TRUE,1587,
SZYMANSKI,J.,TRUE,1588,
SZYMANSKI,PETER T.,FALSE,1588,1
TABASKO,MARY,TRUE,1589,
TACHI,SUSUMU,TRUE,1590,
TAGLIARINI,GENE A.,TRUE,1591,
TAKAHASHI,NAOMI,TRUE,1592,
TAKANE,YOSHIO,TRUE,1593,
TAKENS,FLORIS,TRUE,1594,
TAM,DAVID,TRUE,1595,
TANAKA,AKIO,TRUE,1596,
TANAKA,SHIGEM,FALSE,1596,1
TANAKA,SHIGERU,FALSE,1596,
TANAKA,TOSHIYUKI,FALSE,1596,1
TANG,AKAYSHA C.,TRUE,1597,
TANG,D.S.,FALSE,1597,1
TANI,J.,TRUE,1598,
TANIGUCHI,MICHIAKI,TRUE,1599,
TARASSENKO,LIONEL,TRUE,1600,
TAWEL,RAOUL,TRUE,1601,
TAYLOR,J.G.,TRUE,1602,
TEBELSKIS,JOE,TRUE,1603,
TEETERS,JEFFREY,TRUE,1604,
TEH,YEE-WHYE,TRUE,1605,
TENENBAUM,J.B.,TRUE,1606,
TENENBAUM,JOSHUA,FALSE,1606,
TENENBAUM,JOSHUA B.,FALSE,1606,
TENORIO,MANOEL F.,TRUE,1607,
TENORIO,MANOEL FERNANDO,FALSE,1607,
TERMAN,DAVID,TRUE,1608,
TERZOPOULOS,DEMETRI,TRUE,1609,
TESAURO,GERALD,TRUE,1610,
THAKOOR,A. P.,TRUE,1611,
THAKOOR,A.P.,FALSE,1611,
THEETEN,JEAN-BERNARD,TRUE,1612,
THIRIA,SYLVIE,TRUE,1613,
THMN,SEBASTIAN,TRUE,1614,
THODBERG,HANS HENRIK,TRUE,1615,
THOMBER,KARVEL K.,TRUE,1616,
THORBERGSSON,C.I.,TRUE,1617,
THORPE,SIMON J.,TRUE,1618,
THRASHER,C.W.,TRUE,1619,
THRUN,S.,TRUE,1620,
THRUN,SEBASTIAN,FALSE,1620,
THRUN,SEBASTIAN B.,FALSE,1620,
TIBSHIRANI,R.,TRUE,1621,
TIBSHITANI,ROBERT,TRUE,1622,-1
TIETZ,CH.,TRUE,1623,
TIFIO,PETER,TRUE,1624,
TIMMERMAN,DIRK,TRUE,1625,
TINO,P.,TRUE,1626,
TIPPING,MICHAEL E.,TRUE,1627,
TISHBY,NAFTALI,TRUE,1628,
TITTERINGTON,D.M.,TRUE,1629,
TODD,TOM N.,TRUE,1630,
TODOROV,EMANUAL V.,TRUE,1631,
TODOROV,EMANUEL,FALSE,1631,
TOKAR,ROBERT L.,TRUE,1632,
TOLLE,H.,TRUE,1633,
TOMBOULIAN,SHERRYL,TRUE,1634,
TOMBS,JON,TRUE,1635,
TONG,HUI,TRUE,1636,
TONKES,BRADLEY,TRUE,1637,
TOOMARIAN,N.,TRUE,1638,
TOOMARIAN,NIKZAD,FALSE,1638,
TORKKOLA,KARI,TRUE,1639,
TOURETZKY,D.S.,TRUE,1640,
TOURETZKY,DAVID,FALSE,1640,
TOURETZKY,DAVID S.,FALSE,1640,
TOWELL,G.,TRUE,1641,
TOWELL,GEOFFREY,FALSE,1641,
TOWNSEND,JEANNE,TRUE,1642,
TRAPLETTI,ADRIAN,TRUE,1643,
TRENTIN,EDMONDO,TRUE,1644,
TRESP,V.,TRUE,1645,
TRESP,VOLKER,FALSE,1645,
TROTMAN,DAVID L.,TRUE,1646,
TROYANSKY,LIDROR,TRUE,1647,
TROYER,TODD,TRUE,1648,
TSAI,KENNETH Y.,TRUE,1649,
TSENG,HUNG-LI,TRUE,1650,
TSIOUTSIAS,O.I.,TRUE,1651,
TSIRUKIS,ATHANASIOS G.,TRUE,1652,
TSITSIKLIS,J.N.,TRUE,1653,
TSITSIKLIS,JOHN N.,FALSE,1653,
TSIVIDIS,YANNIS,TRUE,1654,
TSOI,A.C.,TRUE,1655,
TSOI,AH CHUNG,FALSE,1655,
TSUNG,FU-SHENG,TRUE,1656,
TUMER,KAGAN,TRUE,1657,
TUNLEY,HILARY,TRUE,1658,
TUNNON,MICHAEL,TRUE,1659,
TURIEL,ANTONIO,TRUE,1660,
TURNER,KAGAN,TRUE,1661,
TZONEV,SVILEN,TRUE,1662,
UEDA,NAONORI,TRUE,1663,
UHLEY,JOHN D.,TRUE,1664,
ULLMAN,SHIMON,TRUE,1665,
UNO,YOJI,TRUE,1666,
USHER,MARIUS,TRUE,1667,
UTANS,JOACHIM,TRUE,1668,
UTGOFF,PAUL,TRUE,1669,
UYAR,HASAN S.,TRUE,1670,
VAADIA,EILON,TRUE,1671,
VAINA,LUCIA M.,TRUE,1672,
VAITHYANATHAN,SHIVAKUMAR,TRUE,1673,
VAN DEN BOUT,DAVID,TRUE,1674,
VAN DEN BOUT,DAVID E.,FALSE,1674,
VAN DER SPIEGEL,J.,TRUE,1675,
VAN DER SPIEGEL,JAN,FALSE,1675,
VAN HEMMEN,J. LEO,TRUE,1676,
VAN HEMMEN,J.L.,FALSE,1676,
VAN SCHAIK,A.,TRUE,1677,
VAN-DEN-BLEEK,COR M.,TRUE,1678,
VAN-DEN-BOSCH,ANTAL,TRUE,1679,
VAN-DER-MERWE,RUDOLPH,TRUE,1680,
VAN-ROY,BENJAMIN,TRUE,1681,
VAN-SCHAIK,ANDRE,TRUE,1682,
VAN-SCHAIK,ANDRFI,FALSE,1682,
VANDEWALLE,JOOS,TRUE,1683,
VAPNIK,V.,TRUE,1684,
VAPNIK,VLADIMIR,FALSE,1684,
VAPNIK,VLADIMIR N.,FALSE,1684,
VARANASI,MAHESH,TRUE,1685,
VASCONCELOS,NUNO,TRUE,1686,
VATIKIOTIS-BATESON,ERIC,TRUE,1687,
VECCHI,MARIO P.,TRUE,1688,
VEDELSBY,JESPER,TRUE,1689,
VELOSO,M.,TRUE,1690,
VENKATESH,SANTOSH,TRUE,1691,
VENKATESH,SANTOSH S.,FALSE,1691,
VENTURINI,RITA,TRUE,1692,
VERRELST,HERMAN,TRUE,1693,
VIBERT,JEAN-FRANQOIS,TRUE,1694,
VICENTE,RENATO,TRUE,1695,
VICTORRI,BERNARD,TRUE,1696,
VIDAL,JACQUES,TRUE,1697,
VIDAL,JACQUES J.,FALSE,1697,
VIDMAR,LUCKY,TRUE,1698,
VIGARIO,RICARDO,TRUE,1699,
VIJAYAHUNAR,SETHU,TRUE,1700,
VINJE,WILLIAM E.,TRUE,1701,
VIOLA,P.A.,TRUE,1702,
VIOLA,PAUL,FALSE,1702,
VIOLA,PAUL A.,FALSE,1702,
VITTOZ,E.,TRUE,1703,
VITTOZ,ERIC,FALSE,1703,
VIVARELLI,FRANCESCO,TRUE,1704,
VOGL,THOMAS P.,TRUE,1705,
VON-ZUR-MUHLEN,ALEXANDER,TRUE,1706,
VOVK,VOLODYA,TRUE,1707,
VU,VAN H.,TRUE,1708,
WADA,YASUHIRO,TRUE,1709,
WAGNER,H.,TRUE,1710,
WAHBA,GRACE,TRUE,1711,
WAIBEL,ALEX,TRUE,1712,
WAINWRIGHT,MARTIN J.,TRUE,1713,
WALKER,M.R.,TRUE,1714,
WALKER,MARILYN,FALSE,1714,
WALTER,J.,TRUE,1715,
WALTON,LANCE C.,TRUE,1716,
WALTZ,DAVID L.,TRUE,1717,
WAN,ERIC A.,TRUE,1718,
WAN,ERNEST,FALSE,1718,1
WANG,CHANGFENG,TRUE,1719,
WANG,DELIANG,FALSE,1719,1
WANG,DELIANG L.,FALSE,1719,
WANG,H.,FALSE,1719,1
WANG,R.J.,FALSE,1719,1
WANG,RAYMOND J.W.,FALSE,1719,
WANG,X.,FALSE,1719,1
WANG,XIN,FALSE,1719,
WANG,YUEDONG,FALSE,1719,1
WARD,DAVID G.,TRUE,1720,
WARLAND,DAVID,TRUE,1721,
WARMUTH,M.K.,TRUE,1722,
WARMUTH,MANFRED K.,FALSE,1722,
WASKIEWICZ,JAMES,TRUE,1723,
WATANABE,ALDRA,TRUE,1724,
WATANABE,SUMIO,FALSE,1724,1
WATANABE,TAKAHIRO,FALSE,1724,1
WATANABE,TAKAO,FALSE,1724,1
WATERHOUSE,S.R.,TRUE,1725,
WATERHOUSE,STEVE,FALSE,1725,
WATKINS,C.J.C.H.,TRUE,1726,
WATKINS,STEVEN S.,FALSE,1726,1
WATROUS,RAYMOND L.,TRUE,1727,
WATTENBERG,M.,TRUE,1728,
WATTS,LLOYD,TRUE,1729,
WAUGH,F.R.,TRUE,1730,
WAWRZYNEK,J.,TRUE,1731,
WAWRZYNEK,JOHN,FALSE,1731,
WAXMAN,ALLEN M.,TRUE,1732,
WEBB,ANDREW R.,TRUE,1733,
WEBB,BRANDYN,FALSE,1733,1
WEBER,E,TRUE,1734,
WECHSLER,HARRY,TRUE,1735,
WEIGEND,ANDREAS,TRUE,1736,
WEIGEND,ANDREAS S.,FALSE,1736,
WEIJTERS,TON,TRUE,1737,
WEINSHALL,DAPHNA,TRUE,1738,
WEISEND,MICHAEL P.,TRUE,1739,
WEISS,YAIR,TRUE,1740,
WEISS,YAK,FALSE,1740,
WEISSMAN,H.,TRUE,1741,
WEJCHERT,JAKUB,TRUE,1742,
WELLEKENS,C.J.,TRUE,1743,
WENNAN,MICHAEL,TRUE,1744,
WERBLIN,FRANK,TRUE,1745,
WESSEL,RALF,TRUE,1746,
WEST,A.H.L.,TRUE,1747,
WEST,ANSGAR H.L.,FALSE,1747,
WESTERFIELD,MARISSA,TRUE,1748,
WESTERVELT,R. M.,TRUE,1749,
WESTERVELT,R.M.,FALSE,1749,
WESTON,JASON,TRUE,1750,
WETTSCHERECK,DIETRICH,TRUE,1751,
WHEELER,DEIRDRE,TRUE,1752,
WHEELER,DEIRDRE W.,FALSE,1752,
WHEELER,KEVIN R.,FALSE,1752,1
WHITE,HALBERT,TRUE,1753,
WHITE,MARK,FALSE,1753,
WHITNEY,ERICH,TRUE,1754,
WIEGERINCK,WIM,TRUE,1755,
WIKLICKY,HERBERT,TRUE,1756,
WILCZEK,FRANK,TRUE,1757,
WILES,JANET,TRUE,1758,
WILKE,STEFAN D.,TRUE,1759,
WILKINSON,TIMOTHY S.,TRUE,1760,
WILLETT,DANIEL,TRUE,1761,
WILLIAMS,C.K.I.,TRUE,1762,
WILLIAMS,CHRISTOPHE K. I.,FALSE,1762,
WILLIAMS,CHRISTOPHER,FALSE,1762,
WILLIAMS,CHRISTOPHER K. I.,FALSE,1762,
WILLIAMS,CHRISTOPHER K.I.,FALSE,1762,
WILLIAMS,JOHN K.,FALSE,1762,1
WILLIAMS,LANCE R.,FALSE,1762,1
WILLIAMS,PETER M.,FALSE,1762,1
WILLIAMS,RONALD J.,FALSE,1762,1
WILLIAMS,RUTH J.,FALSE,1762,1
WILLIAMSON,JAMES R.,TRUE,1763,
WILLIAMSON,MATTHEW M.,FALSE,1763,1
WILLIAMSON,R.C.,FALSE,1763,1
WILLIAMSON,ROBERT,FALSE,1763,
WILLIAMSON,ROBERT C.,FALSE,1763,
WILLSHAW,D.J.,TRUE,1764,
WILLSHAW,DAVID,FALSE,1764,
WILSON,MATTHEW A.,TRUE,1765,
WILSON,RICHARD C.,FALSE,1765,1
WINDECKER,RICHARD C.,TRUE,1766,
WINDSOR,COLIN G.,TRUE,1767,
WINTER,C.L.,TRUE,1768,
WINTHER,OLE,TRUE,1769,
WISEMAN,S.,TRUE,1770,
WITTNER,BEN S.,TRUE,1771,
WOLD,BARBARA,TRUE,1772,
WOLF,FRED,TRUE,1773,
WOLF,RALPH,FALSE,1773,1
WOLFF,GREGORY J.,TRUE,1774,
WOLNIEWICZ,RICHARD,TRUE,1775,
WOLPERT,DANIEL M.,TRUE,1776,
WOLPERT,DAVID,FALSE,1776,
WOLPERT,DAVID H.,FALSE,1776,
WONG,K.Y. MICHAEL,TRUE,1777,
WONG,YIU-FAI,FALSE,1777,1
WOOTERS,CHUCK,TRUE,1778,
WOSZCZYNA,MONIKA,TRUE,1779,
WU,CHUAN-LIN,TRUE,1780,
WU,JIAN,FALSE,1780,1
WU,L.,FALSE,1780,1
WU,LANCE,FALSE,1780,
WU,LIZHONG,FALSE,1780,1
WU,SI,FALSE,1780,1
WULFF,N.H.,TRUE,1781,
WYATT,J. L.,TRUE,1782,
WYATT,JOHN L.,FALSE,1782,
WYNNE-JONES,MIKE,TRUE,1783,
XIANG,DONG,TRUE,1784,
XIE,XIAOHUI,TRUE,1785,
XIE,Y.,FALSE,1785,1
XIONG,YUANSHENG,TRUE,1786,
XU,L.,TRUE,1787,
XU,LEI,FALSE,1787,
XU,T.,FALSE,1787,1
YAEGER,LARRY,TRUE,1788,
YAIR,EYAL,TRUE,1789,
YAMADA,K.,TRUE,1790,
YAMADA,SATOSHI,FALSE,1790,1
YAMARIA,SATOSHI,TRUE,1791,-1
YAMASHITA,T.,TRUE,1792,
YAMASHITA,TAKEO,FALSE,1792,
YANG,H.,TRUE,1793,
YANG,HOWARD H.,FALSE,1793,
YANG,MING-HSUAN,FALSE,1793,1
YANG,ZHIYONG,FALSE,1793,1
YARIV,AMNON,TRUE,1794,
YARVIN,NORMAN,TRUE,1795,
YASUI,S.,TRUE,1796,
YEN,SHIH-CHENG,TRUE,1797,
YESHURUN,YECHEZKEL,TRUE,1798,
YEUNG,D.,TRUE,1799,
YEUNG,DIT-YAN,FALSE,1799,
YOKOSAWA,KAZUHIKO,TRUE,1800,
YOON,HYOUNGSOO,TRUE,1801,
YOSHIZAWA,SHUJI,TRUE,1802,
YOUNG,ERIC D.,TRUE,1803,
YU,S.,TRUE,1804,
YU,STELLA X.,FALSE,1804,
YUAN,JEN-LUN,TRUE,1805,
YUHAS,B.,TRUE,1806,
YUHAS,B.P.,FALSE,1806,
YUILLE,A.L.,TRUE,1807,
YUILLE,ALAN,FALSE,1807,
YUILLE,ALAN L.,FALSE,1807,
ZAAGMAN,W. H.,TRUE,1808,
ZADOR,A.,TRUE,1809,
ZADOR,ANTHONY,FALSE,1809,
ZADOR,ANTHONY M.,FALSE,1809,
ZAHALKA,ABIR,TRUE,1810,
ZAK,MICHAIL,TRUE,1811,
ZAVALIAGKOS,G.,TRUE,1812,
ZAVALIAGKOS,GEORGE,FALSE,1812,
ZECCHINA,R.,TRUE,1813,
ZEE,AO,TRUE,1814,
ZEEVI,ASSAF J.,TRUE,1815,
ZEGER,KENNETH,TRUE,1816,
ZEITLHOFER,JOSEF,TRUE,1817,
ZEITOUNI,OFER,TRUE,1818,
ZELINSKY,G.J.,TRUE,1819,
ZEMEL,RICHARD,TRUE,1820,
ZEMEL,RICHARD S.,FALSE,1820,
ZEPPENFELD,TORSTEN,TRUE,1821,
ZHANG,JUN,TRUE,1822,
ZHANG,KECHEN,FALSE,1822,1
ZHANG,L.Q.,FALSE,1822,1
ZHANG,LIQING,FALSE,1822,
ZHANG,NEVIN L.,FALSE,1822,1
ZHANG,TONG,FALSE,1822,1
ZHANG,W.,FALSE,1822,1
ZHANG,XIRU,FALSE,1822,1
ZHAO,J.,TRUE,1823,
ZHAO,Y.,FALSE,1823,1
ZHAO,YING,FALSE,1823,
ZHOU,PING,TRUE,1824,
ZIBULEVSKY,MICHAEL,TRUE,1825,
ZIEHE,ANDREAS,TRUE,1826,
ZIHL,JOSEF,TRUE,1827,
ZILBERSTEIN,SHLOMO,TRUE,1828,
ZIMMERMAN,GEORGE LEE,TRUE,1829,
ZIMMERMANN,H. G.,TRUE,1830,
ZIMMERMANN,HANS GEORG,FALSE,1830,
ZIPSER,DAVID,TRUE,1831,
ZLOCHIN,MARK,TRUE,1832,
ZOHARY,E.,TRUE,1833,
ZUE,VICTOR,TRUE,1834,
ZUE,VICTOR W.,FALSE,1834,